,0,1
apply_time,2023-12-14 02:31:20,
fp_jx_lxfy_12m,,
fp_jx_zyjyjezb_12m_lh,0.2536,8.0
fp_jy_sychje_zb_12m_lh,1.4479,10.0
fp_xx_xychje_zb_12m_lh,1.4294,10.0
fp_xx_zyjyjezb_12m_lh,0.0294,3.0
gs_frwdx,2,4.0
gs_gdct,1,3.0
gs_gdwdx,4,8.0
lh_cylwz,5,5.0
lh_lxfybqbxse_12m,,4.0
lh_md_ppjzl,0,2.0
lh_qylx,2,
md_qybq,0,2.0
nsrsbh,914403000944108271,
order_no,45659238-b2f9-4848-93ca-23f872177b70,
sf_fh_ssqk_qy,4,10.0
sw_cwbb_chzzts_cb,72.9825,3.0
sw_cwbb_jlrzzlv,0.4851,7.0
sw_cwbb_jzcszlv,0.482,10.0
sw_cwbb_mlrzzlv,0.5852,9.0
sw_cwbb_sszb,20000000,5.0
sw_cwbb_yyzjzzts,,4.0
sw_cwbb_zcfzl,0.6957,5.0
sw_jcxx_clnx,8.65,5.0
sw_jcxx_nsrxypj,B,5.0
sw_sb_lsxs_12m,16.0649,2.0
sw_sb_nsze_zzsqysds_12m,8418220.31,8.0
sw_sb_nszezzl_zzsqysds_12m_a,-0.2979,2.0
sw_sb_qbxse_12m,1131895672.79,10.0
sw_sb_qbxsezzl_12m,0.3838,6.0
sw_sbzs_sflhypld_12m,-0.7262,4.0
sw_sdsnb_cyrs,,1.0
sw_sdsnb_gzxjzzjezzl,,2.0
sw_sdsnb_yjfy,39508599.88,9.0
zx_dsfsxqk,0,2.0
zx_yhsxqk,1,8.0
