,0,1
apply_time,2023-12-14 02:31:28,
fp_jx_lxfy_12m,,
fp_jx_zyjyjezb_12m_lh,,2.0
fp_jy_sychje_zb_12m_lh,,2.0
fp_xx_xychje_zb_12m_lh,,2.0
fp_xx_zyjyjezb_12m_lh,,3.0
gs_frwdx,4,8.0
gs_gdct,0,3.0
gs_gdwdx,4,8.0
lh_cylwz,0,3.0
lh_lxfybqbxse_12m,,4.0
lh_md_ppjzl,0,2.0
lh_qylx,2,
md_qybq,0,2.0
nsrsbh,91440300MA5GN2P005,
order_no,50340a0b-f564-43d0-b480-0abf56823d88,
sf_fh_ssqk_qy,4,10.0
sw_cwbb_chzzts_cb,,5.0
sw_cwbb_jlrzzlv,,1.0
sw_cwbb_jzcszlv,,1.0
sw_cwbb_mlrzzlv,,1.0
sw_cwbb_sszb,0,0.0
sw_cwbb_yyzjzzts,,4.0
sw_cwbb_zcfzl,0.9284,1.0
sw_jcxx_clnx,1.76,1.0
sw_jcxx_nsrxypj,M,2.0
sw_sb_lsxs_12m,138.9614,2.0
sw_sb_nsze_zzsqysds_12m,29738.13,2.0
sw_sb_nszezzl_zzsqysds_12m_a,2.593,10.0
sw_sb_qbxse_12m,29111245.07,1.0
sw_sb_qbxsezzl_12m,1.2973,9.0
sw_sbzs_sflhypld_12m,-0.8729,4.0
sw_sdsnb_cyrs,,1.0
sw_sdsnb_gzxjzzjezzl,,2.0
sw_sdsnb_yjfy,0,2.0
zx_dsfsxqk,0,2.0
zx_yhsxqk,0,2.0
