,0,1
apply_time,2023-12-14 02:31:28,
fp_jx_lxfy_12m,,
fp_jx_zyjyjezb_12m_lh,,2.0
fp_jy_sychje_zb_12m_lh,0.5873,8.0
fp_xx_xychje_zb_12m_lh,0.4964,6.0
fp_xx_zyjyjezb_12m_lh,,3.0
gs_frwdx,2,4.0
gs_gdct,1,3.0
gs_gdwdx,4,8.0
lh_cylwz,4,6.0
lh_lxfybqbxse_12m,,4.0
lh_md_ppjzl,0,2.0
lh_qylx,1,
md_qybq,0,2.0
nsrsbh,91350200MA31RD1P7H,
order_no,871ef31c-cb5e-44b5-883d-8a4913bc1e18,
sf_fh_ssqk_qy,4,10.0
sw_cwbb_chzzts_cb,33.7273,7.0
sw_cwbb_jlrzzlv,1.3999,9.0
sw_cwbb_jzcszlv,-0.1496,1.0
sw_cwbb_mlrzzlv,0.0729,3.0
sw_cwbb_sszb,5000000,3.0
sw_cwbb_yyzjzzts,,4.0
sw_cwbb_zcfzl,0.8972,1.0
sw_jcxx_clnx,4.55,3.0
sw_jcxx_nsrxypj,B,5.0
sw_sb_lsxs_12m,48.8625,2.0
sw_sb_nsze_zzsqysds_12m,109612.18,2.0
sw_sb_nszezzl_zzsqysds_12m_a,-0.7902,2.0
sw_sb_qbxse_12m,41122017.8,1.0
sw_sb_qbxsezzl_12m,-0.3664,1.0
sw_sbzs_sflhypld_12m,-0.8916,4.0
sw_sdsnb_cyrs,,1.0
sw_sdsnb_gzxjzzjezzl,,2.0
sw_sdsnb_yjfy,,2.0
zx_dsfsxqk,0,2.0
zx_yhsxqk,0,2.0
