,0,1
apply_time,2023-12-14 02:31:28,
fp_jx_lxfy_12m,,
fp_jx_zyjyjezb_12m_lh,,2.0
fp_jy_sychje_zb_12m_lh,,2.0
fp_xx_xychje_zb_12m_lh,,2.0
fp_xx_zyjyjezb_12m_lh,,3.0
gs_frwdx,4,8.0
gs_gdct,1,3.0
gs_gdwdx,0,4.0
lh_cylwz,4,6.0
lh_lxfybqbxse_12m,,4.0
lh_md_ppjzl,0,2.0
lh_qylx,1,
md_qybq,0,2.0
nsrsbh,91320115057958105F,
order_no,ef7c1ec4-c76f-4571-ae31-93cee84de010,
sf_fh_ssqk_qy,4,10.0
sw_cwbb_chzzts_cb,84.0685,3.0
sw_cwbb_jlrzzlv,1.5948,9.0
sw_cwbb_jzcszlv,-0.2039,1.0
sw_cwbb_mlrzzlv,-0.5792,1.0
sw_cwbb_sszb,6034054,3.0
sw_cwbb_yyzjzzts,,4.0
sw_cwbb_zcfzl,0.1325,10.0
sw_jcxx_clnx,10.07,7.0
sw_jcxx_nsrxypj,A,9.0
sw_sb_lsxs_12m,96.4081,2.0
sw_sb_nsze_zzsqysds_12m,504129.06,2.0
sw_sb_nszezzl_zzsqysds_12m_a,-0.6356,2.0
sw_sb_qbxse_12m,18181105.03,1.0
sw_sb_qbxsezzl_12m,-0.7032,1.0
sw_sbzs_sflhypld_12m,0.8523,7.0
sw_sdsnb_cyrs,12,1.0
sw_sdsnb_gzxjzzjezzl,-0.0368,2.0
sw_sdsnb_yjfy,22523160.08,9.0
zx_dsfsxqk,0,2.0
zx_yhsxqk,0,2.0
