,0,1
apply_time,2023-12-14 02:31:28,
fp_jx_lxfy_12m,,
fp_jx_zyjyjezb_12m_lh,,2.0
fp_jy_sychje_zb_12m_lh,1.0341,10.0
fp_xx_xychje_zb_12m_lh,1.4913,10.0
fp_xx_zyjyjezb_12m_lh,,3.0
gs_frwdx,4,8.0
gs_gdct,1,3.0
gs_gdwdx,4,8.0
lh_cylwz,3,7.0
lh_lxfybqbxse_12m,,4.0
lh_md_ppjzl,3,5.0
lh_qylx,1,
md_qybq,0,2.0
nsrsbh,9144030031164214X9,
order_no,aea29e78-ac14-436a-9fb8-6f69b83df9d4,
sf_fh_ssqk_qy,4,10.0
sw_cwbb_chzzts_cb,60.4705,3.0
sw_cwbb_jlrzzlv,3.1014,9.0
sw_cwbb_jzcszlv,0.1843,8.0
sw_cwbb_mlrzzlv,0.3831,7.0
sw_cwbb_sszb,6000000,3.0
sw_cwbb_yyzjzzts,,4.0
sw_cwbb_zcfzl,0.8093,1.0
sw_jcxx_clnx,8.8,5.0
sw_jcxx_nsrxypj,A,9.0
sw_sb_lsxs_12m,38.4976,2.0
sw_sb_nsze_zzsqysds_12m,1182664.57,4.0
sw_sb_nszezzl_zzsqysds_12m_a,-0.5604,2.0
sw_sb_qbxse_12m,587555427.25,10.0
sw_sb_qbxsezzl_12m,0.3907,6.0
sw_sbzs_sflhypld_12m,-0.8859,4.0
sw_sdsnb_cyrs,,1.0
sw_sdsnb_gzxjzzjezzl,0.2985,11.0
sw_sdsnb_yjfy,18195951.41,9.0
zx_dsfsxqk,0,2.0
zx_yhsxqk,2,7.0
