,0,1
apply_time,2023-12-14 02:31:20,
fp_jx_lxfy_12m,,
fp_jx_zyjyjezb_12m_lh,,2.0
fp_jy_sychje_zb_12m_lh,1.0838,10.0
fp_xx_xychje_zb_12m_lh,4.385,10.0
fp_xx_zyjyjezb_12m_lh,,3.0
gs_frwdx,4,8.0
gs_gdct,0,3.0
gs_gdwdx,4,8.0
lh_cylwz,2,8.0
lh_lxfybqbxse_12m,,4.0
lh_md_ppjzl,0,2.0
lh_qylx,1,
md_qybq,0,2.0
nsrsbh,91440300MA5GY7CP63,
order_no,4e28d9bd-924d-4e2e-8b4a-f54c639a5a62,
sf_fh_ssqk_qy,4,10.0
sw_cwbb_chzzts_cb,28.3108,10.0
sw_cwbb_jlrzzlv,11.8235,9.0
sw_cwbb_jzcszlv,0.376,10.0
sw_cwbb_mlrzzlv,11.5997,9.0
sw_cwbb_sszb,50000000,7.0
sw_cwbb_yyzjzzts,,4.0
sw_cwbb_zcfzl,0.759,3.0
sw_jcxx_clnx,2.07,1.0
sw_jcxx_nsrxypj,B,5.0
sw_sb_lsxs_12m,115.5429,2.0
sw_sb_nsze_zzsqysds_12m,1518324.29,4.0
sw_sb_nszezzl_zzsqysds_12m_a,0.6404,10.0
sw_sb_qbxse_12m,591174467.16,10.0
sw_sb_qbxsezzl_12m,1.4515,9.0
sw_sbzs_sflhypld_12m,-0.7947,4.0
sw_sdsnb_cyrs,,1.0
sw_sdsnb_gzxjzzjezzl,10.2895,9.0
sw_sdsnb_yjfy,26487781.71,9.0
zx_dsfsxqk,0,2.0
zx_yhsxqk,0,2.0
