,0,1
apply_time,2023-12-14 02:31:29,
fp_jx_lxfy_12m,,
fp_jx_zyjyjezb_12m_lh,,2.0
fp_jy_sychje_zb_12m_lh,0.4117,6.0
fp_xx_xychje_zb_12m_lh,1.7665,10.0
fp_xx_zyjyjezb_12m_lh,,3.0
gs_frwdx,4,8.0
gs_gdct,1,3.0
gs_gdwdx,4,8.0
lh_cylwz,5,5.0
lh_lxfybqbxse_12m,,4.0
lh_md_ppjzl,0,2.0
lh_qylx,2,
md_qybq,0,2.0
nsrsbh,914403006911707615,
order_no,8a2bd2a2-1918-4220-8efb-fa113a7cbd58,
sf_fh_ssqk_qy,0,5.0
sw_cwbb_chzzts_cb,7.6322,10.0
sw_cwbb_jlrzzlv,-1.0171,1.0
sw_cwbb_jzcszlv,-0.0071,1.0
sw_cwbb_mlrzzlv,-0.0856,1.0
sw_cwbb_sszb,,1.0
sw_cwbb_yyzjzzts,,4.0
sw_cwbb_zcfzl,0.998,1.0
sw_jcxx_clnx,13.63,7.0
sw_jcxx_nsrxypj,B,5.0
sw_sb_lsxs_12m,54.3153,2.0
sw_sb_nsze_zzsqysds_12m,613133.21,2.0
sw_sb_nszezzl_zzsqysds_12m_a,-0.1423,2.0
sw_sb_qbxse_12m,59373576.68,3.0
sw_sb_qbxsezzl_12m,-0.4141,1.0
sw_sbzs_sflhypld_12m,-0.4638,9.0
sw_sdsnb_cyrs,,1.0
sw_sdsnb_gzxjzzjezzl,0.4727,11.0
sw_sdsnb_yjfy,0,2.0
zx_dsfsxqk,0,2.0
zx_yhsxqk,1,8.0
