,0,1
apply_time,2023-12-14 02:31:29,
fp_jx_lxfy_12m,1117969.19,
fp_jx_zyjyjezb_12m_lh,,2.0
fp_jy_sychje_zb_12m_lh,1.2667,10.0
fp_xx_xychje_zb_12m_lh,0.9366,10.0
fp_xx_zyjyjezb_12m_lh,,3.0
gs_frwdx,4,8.0
gs_gdct,1,3.0
gs_gdwdx,4,8.0
lh_cylwz,4,6.0
lh_lxfybqbxse_12m,,4.0
lh_md_ppjzl,3,5.0
lh_qylx,1,
md_qybq,0,2.0
nsrsbh,91450100MA5P4XQG7L,
order_no,5226d13d-c186-4210-8cc7-6857d4fbbe30,
sf_fh_ssqk_qy,4,10.0
sw_cwbb_chzzts_cb,136.94,1.0
sw_cwbb_jlrzzlv,-2.6239,1.0
sw_cwbb_jzcszlv,-0.0857,1.0
sw_cwbb_mlrzzlv,0.4887,7.0
sw_cwbb_sszb,220000000,10.0
sw_cwbb_yyzjzzts,,4.0
sw_cwbb_zcfzl,0.7688,3.0
sw_jcxx_clnx,3.9,3.0
sw_jcxx_nsrxypj,B,5.0
sw_sb_lsxs_12m,22.648,2.0
sw_sb_nsze_zzsqysds_12m,12040253.15,10.0
sw_sb_nszezzl_zzsqysds_12m_a,-0.1636,2.0
sw_sb_qbxse_12m,1870389524.24,10.0
sw_sb_qbxsezzl_12m,0.1805,5.0
sw_sbzs_sflhypld_12m,-1,4.0
sw_sdsnb_cyrs,,1.0
sw_sdsnb_gzxjzzjezzl,1.206,9.0
sw_sdsnb_yjfy,49935747.57,9.0
zx_dsfsxqk,0,2.0
zx_yhsxqk,1,8.0
