,0,1
apply_time,2023-12-14 02:31:29,
fp_jx_lxfy_12m,,
fp_jx_zyjyjezb_12m_lh,,2.0
fp_jy_sychje_zb_12m_lh,0.4735,6.0
fp_xx_xychje_zb_12m_lh,0.6976,8.0
fp_xx_zyjyjezb_12m_lh,,3.0
gs_frwdx,2,4.0
gs_gdct,1,3.0
gs_gdwdx,2,4.0
lh_cylwz,0,3.0
lh_lxfybqbxse_12m,,4.0
lh_md_ppjzl,0,2.0
lh_qylx,2,
md_qybq,0,2.0
nsrsbh,91422801MA49BB7FX0,
order_no,37a153d2-a5f1-49d6-82fa-72bcfa8a8dbc,
sf_fh_ssqk_qy,4,10.0
sw_cwbb_chzzts_cb,249.7092,1.0
sw_cwbb_jlrzzlv,-0.157,1.0
sw_cwbb_jzcszlv,-0.1085,1.0
sw_cwbb_mlrzzlv,1.2393,9.0
sw_cwbb_sszb,,1.0
sw_cwbb_yyzjzzts,,4.0
sw_cwbb_zcfzl,0.3797,10.0
sw_jcxx_clnx,,1.0
sw_jcxx_nsrxypj,B,5.0
sw_sb_lsxs_12m,60.8591,2.0
sw_sb_nsze_zzsqysds_12m,122811.75,2.0
sw_sb_nszezzl_zzsqysds_12m_a,99999999,10.0
sw_sb_qbxse_12m,10471517.45,1.0
sw_sb_qbxsezzl_12m,0.1159,5.0
sw_sbzs_sflhypld_12m,-0.538,4.0
sw_sdsnb_cyrs,,1.0
sw_sdsnb_gzxjzzjezzl,6.0931,9.0
sw_sdsnb_yjfy,,2.0
zx_dsfsxqk,0,2.0
zx_yhsxqk,0,2.0
