,0,1
apply_time,2023-12-14 02:31:29,
fp_jx_lxfy_12m,,
fp_jx_zyjyjezb_12m_lh,0.0139,2.0
fp_jy_sychje_zb_12m_lh,0.9612,10.0
fp_xx_xychje_zb_12m_lh,1.0656,10.0
fp_xx_zyjyjezb_12m_lh,0.2071,9.0
gs_frwdx,4,8.0
gs_gdct,1,3.0
gs_gdwdx,3,6.0
lh_cylwz,5,5.0
lh_lxfybqbxse_12m,,4.0
lh_md_ppjzl,0,2.0
lh_qylx,2,
md_qybq,0,2.0
nsrsbh,91440300056167002P,
order_no,faa0fcf0-6a20-4455-a237-7771ee5296f3,
sf_fh_ssqk_qy,4,10.0
sw_cwbb_chzzts_cb,99.4903,1.0
sw_cwbb_jlrzzlv,-9.9335,1.0
sw_cwbb_jzcszlv,-0.808,1.0
sw_cwbb_mlrzzlv,-0.264,1.0
sw_cwbb_sszb,,1.0
sw_cwbb_yyzjzzts,,4.0
sw_cwbb_zcfzl,0.9015,1.0
sw_jcxx_clnx,10.42,7.0
sw_jcxx_nsrxypj,B,5.0
sw_sb_lsxs_12m,37.3987,2.0
sw_sb_nsze_zzsqysds_12m,2794141.15,4.0
sw_sb_nszezzl_zzsqysds_12m_a,-0.0756,2.0
sw_sb_qbxse_12m,274202595.15,5.0
sw_sb_qbxsezzl_12m,-0.1447,2.0
sw_sbzs_sflhypld_12m,-0.4476,9.0
sw_sdsnb_cyrs,,1.0
sw_sdsnb_gzxjzzjezzl,0.2583,11.0
sw_sdsnb_yjfy,12762791.43,9.0
zx_dsfsxqk,0,2.0
zx_yhsxqk,1,8.0
