,0,1
apply_time,2023-12-14 02:31:21,
fp_jx_lxfy_12m,,
fp_jx_zyjyjezb_12m_lh,,2.0
fp_jy_sychje_zb_12m_lh,4.6736,10.0
fp_xx_xychje_zb_12m_lh,0.955,10.0
fp_xx_zyjyjezb_12m_lh,0.2283,9.0
gs_frwdx,4,8.0
gs_gdct,1,3.0
gs_gdwdx,1,2.0
lh_cylwz,4,6.0
lh_lxfybqbxse_12m,,4.0
lh_md_ppjzl,0,2.0
lh_qylx,1,
md_qybq,0,2.0
nsrsbh,91441900MA518B0W2Y,
order_no,13ce1007-60c8-42ff-aa05-f13620232f51,
sf_fh_ssqk_qy,4,10.0
sw_cwbb_chzzts_cb,91.5223,1.0
sw_cwbb_jlrzzlv,-0.3572,1.0
sw_cwbb_jzcszlv,0.2081,10.0
sw_cwbb_mlrzzlv,0.1274,3.0
sw_cwbb_sszb,36000000,7.0
sw_cwbb_yyzjzzts,,4.0
sw_cwbb_zcfzl,0.6955,5.0
sw_jcxx_clnx,5.48,3.0
sw_jcxx_nsrxypj,A,9.0
sw_sb_lsxs_12m,52.5163,2.0
sw_sb_nsze_zzsqysds_12m,1275591.22,4.0
sw_sb_nszezzl_zzsqysds_12m_a,-0.0439,2.0
sw_sb_qbxse_12m,854905235.99,10.0
sw_sb_qbxsezzl_12m,1.0007,9.0
sw_sbzs_sflhypld_12m,-1,4.0
sw_sdsnb_cyrs,,1.0
sw_sdsnb_gzxjzzjezzl,0.1592,9.0
sw_sdsnb_yjfy,16503198.84,9.0
zx_dsfsxqk,0,2.0
zx_yhsxqk,1,8.0
