,0,1
apply_time,2023-12-14 02:31:30,
fp_jx_lxfy_12m,2764590.9,
fp_jx_zyjyjezb_12m_lh,,2.0
fp_jy_sychje_zb_12m_lh,1.3279,10.0
fp_xx_xychje_zb_12m_lh,0.9586,10.0
fp_xx_zyjyjezb_12m_lh,,3.0
gs_frwdx,4,8.0
gs_gdct,1,3.0
gs_gdwdx,4,8.0
lh_cylwz,5,5.0
lh_lxfybqbxse_12m,,4.0
lh_md_ppjzl,0,2.0
lh_qylx,2,
md_qybq,0,2.0
nsrsbh,91371400MA3FAAW522,
order_no,7341b410-a7b8-4def-94bc-2f59777d3aaf,
sf_fh_ssqk_qy,4,10.0
sw_cwbb_chzzts_cb,57.7486,5.0
sw_cwbb_jlrzzlv,0.2686,5.0
sw_cwbb_jzcszlv,0.1117,8.0
sw_cwbb_mlrzzlv,0.0495,3.0
sw_cwbb_sszb,56210000,10.0
sw_cwbb_yyzjzzts,,4.0
sw_cwbb_zcfzl,0.6758,5.0
sw_jcxx_clnx,5.73,3.0
sw_jcxx_nsrxypj,A,9.0
sw_sb_lsxs_12m,17.7893,2.0
sw_sb_nsze_zzsqysds_12m,3261886.67,6.0
sw_sb_nszezzl_zzsqysds_12m_a,-0.1152,2.0
sw_sb_qbxse_12m,242025403.24,5.0
sw_sb_qbxsezzl_12m,-0.2025,1.0
sw_sbzs_sflhypld_12m,-0.301,9.0
sw_sdsnb_cyrs,,1.0
sw_sdsnb_gzxjzzjezzl,0.4246,11.0
sw_sdsnb_yjfy,0,2.0
zx_dsfsxqk,0,2.0
zx_yhsxqk,1,8.0
