,0,1
apply_time,2023-12-14 02:31:30,
fp_jx_lxfy_12m,9755042.38,
fp_jx_zyjyjezb_12m_lh,0.0148,2.0
fp_jy_sychje_zb_12m_lh,0.8366,10.0
fp_xx_xychje_zb_12m_lh,1.1309,10.0
fp_xx_zyjyjezb_12m_lh,0.0044,3.0
gs_frwdx,4,8.0
gs_gdct,1,3.0
gs_gdwdx,4,8.0
lh_cylwz,5,5.0
lh_lxfybqbxse_12m,,4.0
lh_md_ppjzl,0,2.0
lh_qylx,2,
md_qybq,0,2.0
nsrsbh,913714000906732403,
order_no,005bc2d9-e7fd-4604-afdf-f2551ab5f839,
sf_fh_ssqk_qy,4,10.0
sw_cwbb_chzzts_cb,,5.0
sw_cwbb_jlrzzlv,,1.0
sw_cwbb_jzcszlv,,1.0
sw_cwbb_mlrzzlv,,1.0
sw_cwbb_sszb,,1.0
sw_cwbb_yyzjzzts,,4.0
sw_cwbb_zcfzl,,3.0
sw_jcxx_clnx,9.27,5.0
sw_jcxx_nsrxypj,A,9.0
sw_sb_lsxs_12m,,4.0
sw_sb_nsze_zzsqysds_12m,0,2.0
sw_sb_nszezzl_zzsqysds_12m_a,0,2.0
sw_sb_qbxse_12m,0,0.0
sw_sb_qbxsezzl_12m,,1.0
sw_sbzs_sflhypld_12m,,7.0
sw_sdsnb_cyrs,,1.0
sw_sdsnb_gzxjzzjezzl,,2.0
sw_sdsnb_yjfy,,2.0
zx_dsfsxqk,0,2.0
zx_yhsxqk,1,8.0
