,0,1
apply_time,2023-12-14 02:31:30,
fp_jx_lxfy_12m,,
fp_jx_zyjyjezb_12m_lh,,2.0
fp_jy_sychje_zb_12m_lh,1.1666,10.0
fp_xx_xychje_zb_12m_lh,1.0039,10.0
fp_xx_zyjyjezb_12m_lh,,3.0
gs_frwdx,4,8.0
gs_gdct,1,3.0
gs_gdwdx,4,8.0
lh_cylwz,5,5.0
lh_lxfybqbxse_12m,,4.0
lh_md_ppjzl,0,2.0
lh_qylx,2,
md_qybq,0,2.0
nsrsbh,91110108061342653F,
order_no,046fa542-5925-4731-8511-8ef56a663353,
sf_fh_ssqk_qy,4,10.0
sw_cwbb_chzzts_cb,69.5477,3.0
sw_cwbb_jlrzzlv,-0.1486,1.0
sw_cwbb_jzcszlv,0.0905,2.0
sw_cwbb_mlrzzlv,0.0426,3.0
sw_cwbb_sszb,19050000,5.0
sw_cwbb_yyzjzzts,,4.0
sw_cwbb_zcfzl,0.8454,1.0
sw_jcxx_clnx,10.31,7.0
sw_jcxx_nsrxypj,A,9.0
sw_sb_lsxs_12m,16.7086,2.0
sw_sb_nsze_zzsqysds_12m,1360471.6,4.0
sw_sb_nszezzl_zzsqysds_12m_a,-0.5689,2.0
sw_sb_qbxse_12m,162553126.51,5.0
sw_sb_qbxsezzl_12m,0.053,5.0
sw_sbzs_sflhypld_12m,-0.7935,4.0
sw_sdsnb_cyrs,,1.0
sw_sdsnb_gzxjzzjezzl,0.3495,11.0
sw_sdsnb_yjfy,0,2.0
zx_dsfsxqk,0,2.0
zx_yhsxqk,1,8.0
