,0,1
apply_time,2023-12-14 02:31:30,
fp_jx_lxfy_12m,,
fp_jx_zyjyjezb_12m_lh,0.0574,2.0
fp_jy_sychje_zb_12m_lh,1.0108,10.0
fp_xx_xychje_zb_12m_lh,,2.0
fp_xx_zyjyjezb_12m_lh,,3.0
gs_frwdx,4,8.0
gs_gdct,1,3.0
gs_gdwdx,4,8.0
lh_cylwz,3,7.0
lh_lxfybqbxse_12m,,4.0
lh_md_ppjzl,0,2.0
lh_qylx,2,
md_qybq,0,2.0
nsrsbh,91440300085707442K,
order_no,a698c3aa-64cd-4891-83d9-34c8b7ccdd81,
sf_fh_ssqk_qy,4,10.0
sw_cwbb_chzzts_cb,70.7282,3.0
sw_cwbb_jlrzzlv,0.8497,9.0
sw_cwbb_jzcszlv,1.1811,8.0
sw_cwbb_mlrzzlv,0.2803,5.0
sw_cwbb_sszb,10000000,3.0
sw_cwbb_yyzjzzts,,4.0
sw_cwbb_zcfzl,0.8202,1.0
sw_jcxx_clnx,9.78,5.0
sw_jcxx_nsrxypj,A,9.0
sw_sb_lsxs_12m,27.5306,2.0
sw_sb_nsze_zzsqysds_12m,0,2.0
sw_sb_nszezzl_zzsqysds_12m_a,0,2.0
sw_sb_qbxse_12m,1414765370.43,10.0
sw_sb_qbxsezzl_12m,0.3251,6.0
sw_sbzs_sflhypld_12m,-1,4.0
sw_sdsnb_cyrs,,1.0
sw_sdsnb_gzxjzzjezzl,0.2025,11.0
sw_sdsnb_yjfy,42897704.16,9.0
zx_dsfsxqk,0,2.0
zx_yhsxqk,1,8.0
