,0,1
apply_time,2023-12-14 02:31:30,
fp_jx_lxfy_12m,,
fp_jx_zyjyjezb_12m_lh,,2.0
fp_jy_sychje_zb_12m_lh,0.7147,10.0
fp_xx_xychje_zb_12m_lh,0.4538,6.0
fp_xx_zyjyjezb_12m_lh,,3.0
gs_frwdx,2,4.0
gs_gdct,1,3.0
gs_gdwdx,3,6.0
lh_cylwz,4,6.0
lh_lxfybqbxse_12m,,4.0
lh_md_ppjzl,0,2.0
lh_qylx,1,
md_qybq,0,2.0
nsrsbh,91440300MA5EXC5DXF,
order_no,9312f572-289e-4fcd-805f-bb52dc47095a,
sf_fh_ssqk_qy,4,10.0
sw_cwbb_chzzts_cb,79.6856,3.0
sw_cwbb_jlrzzlv,-0.2642,1.0
sw_cwbb_jzcszlv,0.1918,8.0
sw_cwbb_mlrzzlv,0.1539,3.0
sw_cwbb_sszb,200000,1.0
sw_cwbb_yyzjzzts,,4.0
sw_cwbb_zcfzl,0.8186,1.0
sw_jcxx_clnx,5.47,3.0
sw_jcxx_nsrxypj,A,9.0
sw_sb_lsxs_12m,57.3795,2.0
sw_sb_nsze_zzsqysds_12m,496137.19,2.0
sw_sb_nszezzl_zzsqysds_12m_a,-0.4462,2.0
sw_sb_qbxse_12m,80110372.14,3.0
sw_sb_qbxsezzl_12m,-0.3277,1.0
sw_sbzs_sflhypld_12m,-0.6464,4.0
sw_sdsnb_cyrs,,1.0
sw_sdsnb_gzxjzzjezzl,0.4192,11.0
sw_sdsnb_yjfy,3967711.49,5.0
zx_dsfsxqk,1,9.0
zx_yhsxqk,1,8.0
