,0,1
apply_time,2023-12-14 02:31:30,
fp_jx_lxfy_12m,,
fp_jx_zyjyjezb_12m_lh,,2.0
fp_jy_sychje_zb_12m_lh,3.0007,10.0
fp_xx_xychje_zb_12m_lh,2.7421,10.0
fp_xx_zyjyjezb_12m_lh,,3.0
gs_frwdx,4,8.0
gs_gdct,1,3.0
gs_gdwdx,4,8.0
lh_cylwz,0,3.0
lh_lxfybqbxse_12m,,4.0
lh_md_ppjzl,0,2.0
lh_qylx,2,
md_qybq,0,2.0
nsrsbh,91360481MA7DJF970H,
order_no,5bbf39aa-dbb6-4d7f-bf34-645a0b0a02b2,
sf_fh_ssqk_qy,4,10.0
sw_cwbb_chzzts_cb,,5.0
sw_cwbb_jlrzzlv,,1.0
sw_cwbb_jzcszlv,,1.0
sw_cwbb_mlrzzlv,,1.0
sw_cwbb_sszb,374901.06,1.0
sw_cwbb_yyzjzzts,,4.0
sw_cwbb_zcfzl,0.999,1.0
sw_jcxx_clnx,1.63,1.0
sw_jcxx_nsrxypj,B,5.0
sw_sb_lsxs_12m,31.2498,2.0
sw_sb_nsze_zzsqysds_12m,1200065.01,4.0
sw_sb_nszezzl_zzsqysds_12m_a,9.3215,10.0
sw_sb_qbxse_12m,503813436.26,10.0
sw_sb_qbxsezzl_12m,3.5061,9.0
sw_sbzs_sflhypld_12m,-0.8859,4.0
sw_sdsnb_cyrs,,1.0
sw_sdsnb_gzxjzzjezzl,,2.0
sw_sdsnb_yjfy,0,2.0
zx_dsfsxqk,0,2.0
zx_yhsxqk,0,2.0
