,0,1
apply_time,2023-12-14 02:31:30,
fp_jx_lxfy_12m,,
fp_jx_zyjyjezb_12m_lh,,2.0
fp_jy_sychje_zb_12m_lh,1.5739,10.0
fp_xx_xychje_zb_12m_lh,1.9569,10.0
fp_xx_zyjyjezb_12m_lh,0.3277,10.0
gs_frwdx,4,8.0
gs_gdct,1,3.0
gs_gdwdx,4,8.0
lh_cylwz,3,7.0
lh_lxfybqbxse_12m,,4.0
lh_md_ppjzl,0,2.0
lh_qylx,2,
md_qybq,0,2.0
nsrsbh,91440300561547188Y,
order_no,e7a84815-4796-4587-bd9f-887c551b489a,
sf_fh_ssqk_qy,4,10.0
sw_cwbb_chzzts_cb,18.3797,10.0
sw_cwbb_jlrzzlv,-2.8154,1.0
sw_cwbb_jzcszlv,0.2735,10.0
sw_cwbb_mlrzzlv,14.183,9.0
sw_cwbb_sszb,6542600,3.0
sw_cwbb_yyzjzzts,,4.0
sw_cwbb_zcfzl,0.7522,3.0
sw_jcxx_clnx,12.74,7.0
sw_jcxx_nsrxypj,B,5.0
sw_sb_lsxs_12m,206.3738,2.0
sw_sb_nsze_zzsqysds_12m,629682.25,2.0
sw_sb_nszezzl_zzsqysds_12m_a,4.0907,10.0
sw_sb_qbxse_12m,48133070.68,1.0
sw_sb_qbxsezzl_12m,1.1807,9.0
sw_sbzs_sflhypld_12m,-0.3498,9.0
sw_sdsnb_cyrs,,1.0
sw_sdsnb_gzxjzzjezzl,0.3446,11.0
sw_sdsnb_yjfy,0,2.0
zx_dsfsxqk,3,6.0
zx_yhsxqk,1,8.0
