,0,1
apply_time,2023-12-14 02:31:30,
fp_jx_lxfy_12m,,
fp_jx_zyjyjezb_12m_lh,,2.0
fp_jy_sychje_zb_12m_lh,1.3485,10.0
fp_xx_xychje_zb_12m_lh,,2.0
fp_xx_zyjyjezb_12m_lh,,3.0
gs_frwdx,2,4.0
gs_gdct,1,3.0
gs_gdwdx,4,8.0
lh_cylwz,3,7.0
lh_lxfybqbxse_12m,,4.0
lh_md_ppjzl,0,2.0
lh_qylx,1,
md_qybq,0,2.0
nsrsbh,91440300MA5EEYPFXM,
order_no,01c44cd6-3407-4f8f-b134-1d80de5f8c53,
sf_fh_ssqk_qy,4,10.0
sw_cwbb_chzzts_cb,104.0271,1.0
sw_cwbb_jlrzzlv,0.2599,5.0
sw_cwbb_jzcszlv,0.2629,10.0
sw_cwbb_mlrzzlv,0.9441,9.0
sw_cwbb_sszb,3727155,3.0
sw_cwbb_yyzjzzts,,4.0
sw_cwbb_zcfzl,0.8983,1.0
sw_jcxx_clnx,6.31,5.0
sw_jcxx_nsrxypj,B,5.0
sw_sb_lsxs_12m,61.9967,2.0
sw_sb_nsze_zzsqysds_12m,1212545.54,4.0
sw_sb_nszezzl_zzsqysds_12m_a,1.4159,10.0
sw_sb_qbxse_12m,45627542.33,1.0
sw_sb_qbxsezzl_12m,0.1973,5.0
sw_sbzs_sflhypld_12m,0.5172,7.0
sw_sdsnb_cyrs,,1.0
sw_sdsnb_gzxjzzjezzl,0.0861,2.0
sw_sdsnb_yjfy,2493184.63,5.0
zx_dsfsxqk,3,6.0
zx_yhsxqk,1,8.0
