,0,1
apply_time,2023-12-14 02:31:31,
fp_jx_lxfy_12m,,
fp_jx_zyjyjezb_12m_lh,0.7922,10.0
fp_jy_sychje_zb_12m_lh,0.1073,4.0
fp_xx_xychje_zb_12m_lh,,2.0
fp_xx_zyjyjezb_12m_lh,,3.0
gs_frwdx,4,8.0
gs_gdct,1,3.0
gs_gdwdx,4,8.0
lh_cylwz,5,5.0
lh_lxfybqbxse_12m,,4.0
lh_md_ppjzl,0,2.0
lh_qylx,2,
md_qybq,0,2.0
nsrsbh,914403003295707976,
order_no,5afd89e3-618e-4036-8bc7-ecd7e21723bf,
sf_fh_ssqk_qy,4,10.0
sw_cwbb_chzzts_cb,51.1943,5.0
sw_cwbb_jlrzzlv,-0.6669,1.0
sw_cwbb_jzcszlv,0.1325,8.0
sw_cwbb_mlrzzlv,0.5295,9.0
sw_cwbb_sszb,5000000,3.0
sw_cwbb_yyzjzzts,,4.0
sw_cwbb_zcfzl,0.8991,1.0
sw_jcxx_clnx,8.41,5.0
sw_jcxx_nsrxypj,B,5.0
sw_sb_lsxs_12m,41.0348,2.0
sw_sb_nsze_zzsqysds_12m,1980009.69,4.0
sw_sb_nszezzl_zzsqysds_12m_a,-0.922,2.0
sw_sb_qbxse_12m,317375207.89,7.0
sw_sb_qbxsezzl_12m,-0.767,1.0
sw_sbzs_sflhypld_12m,-0.8754,4.0
sw_sdsnb_cyrs,,1.0
sw_sdsnb_gzxjzzjezzl,0.2131,11.0
sw_sdsnb_yjfy,0,2.0
zx_dsfsxqk,3,6.0
zx_yhsxqk,1,8.0
