,0,1
apply_time,2023-12-14 02:31:31,
fp_jx_lxfy_12m,,
fp_jx_zyjyjezb_12m_lh,,2.0
fp_jy_sychje_zb_12m_lh,1.5395,10.0
fp_xx_xychje_zb_12m_lh,1.3374,10.0
fp_xx_zyjyjezb_12m_lh,,3.0
gs_frwdx,4,8.0
gs_gdct,1,3.0
gs_gdwdx,4,8.0
lh_cylwz,3,7.0
lh_lxfybqbxse_12m,,4.0
lh_md_ppjzl,0,2.0
lh_qylx,1,
md_qybq,0,2.0
nsrsbh,914403007716214466,
order_no,ccbb03c2-f441-4eca-9dba-98a38eab7bd0,
sf_fh_ssqk_qy,4,10.0
sw_cwbb_chzzts_cb,30.4914,7.0
sw_cwbb_jlrzzlv,-0.3931,1.0
sw_cwbb_jzcszlv,-0.2147,1.0
sw_cwbb_mlrzzlv,2.8285,9.0
sw_cwbb_sszb,25000000,5.0
sw_cwbb_yyzjzzts,,4.0
sw_cwbb_zcfzl,0.7079,3.0
sw_jcxx_clnx,18.6,10.0
sw_jcxx_nsrxypj,A,9.0
sw_sb_lsxs_12m,20.5275,2.0
sw_sb_nsze_zzsqysds_12m,2361027.62,4.0
sw_sb_nszezzl_zzsqysds_12m_a,0.2297,10.0
sw_sb_qbxse_12m,252922077.46,5.0
sw_sb_qbxsezzl_12m,0.2959,6.0
sw_sbzs_sflhypld_12m,-0.4695,9.0
sw_sdsnb_cyrs,,1.0
sw_sdsnb_gzxjzzjezzl,0.5945,9.0
sw_sdsnb_yjfy,0,2.0
zx_dsfsxqk,5,4.0
zx_yhsxqk,3,7.0
