,0,1
apply_time,2023-12-14 02:31:31,
fp_jx_lxfy_12m,,
fp_jx_zyjyjezb_12m_lh,,2.0
fp_jy_sychje_zb_12m_lh,0.0336,2.0
fp_xx_xychje_zb_12m_lh,0.6336,8.0
fp_xx_zyjyjezb_12m_lh,,3.0
gs_frwdx,4,8.0
gs_gdct,0,3.0
gs_gdwdx,4,8.0
lh_cylwz,0,3.0
lh_lxfybqbxse_12m,,4.0
lh_md_ppjzl,0,2.0
lh_qylx,2,
md_qybq,0,2.0
nsrsbh,91440300MA5FYENP4M,
order_no,7e6b6833-9daf-4350-a346-27be588e481f,
sf_fh_ssqk_qy,4,10.0
sw_cwbb_chzzts_cb,,5.0
sw_cwbb_jlrzzlv,-7.653,1.0
sw_cwbb_jzcszlv,-0.1394,1.0
sw_cwbb_mlrzzlv,-0.8701,1.0
sw_cwbb_sszb,26666700,5.0
sw_cwbb_yyzjzzts,,4.0
sw_cwbb_zcfzl,0.5795,7.0
sw_jcxx_clnx,3.88,3.0
sw_jcxx_nsrxypj,B,5.0
sw_sb_lsxs_12m,103.6027,2.0
sw_sb_nsze_zzsqysds_12m,23813.49,2.0
sw_sb_nszezzl_zzsqysds_12m_a,-0.7759,2.0
sw_sb_qbxse_12m,11954120.2,1.0
sw_sb_qbxsezzl_12m,-0.7115,1.0
sw_sbzs_sflhypld_12m,-0.8917,4.0
sw_sdsnb_cyrs,,1.0
sw_sdsnb_gzxjzzjezzl,-0.2821,2.0
sw_sdsnb_yjfy,931356.52,3.0
zx_dsfsxqk,0,2.0
zx_yhsxqk,0,2.0
