,0,1
apply_time,2023-12-14 02:31:31,
fp_jx_lxfy_12m,152448.73,
fp_jx_zyjyjezb_12m_lh,,2.0
fp_jy_sychje_zb_12m_lh,2.1669,10.0
fp_xx_xychje_zb_12m_lh,1.8467,10.0
fp_xx_zyjyjezb_12m_lh,0.662,10.0
gs_frwdx,3,5.0
gs_gdct,1,3.0
gs_gdwdx,4,8.0
lh_cylwz,4,6.0
lh_lxfybqbxse_12m,,4.0
lh_md_ppjzl,0,2.0
lh_qylx,1,
md_qybq,0,2.0
nsrsbh,914412007750977922,
order_no,2b8cff98-8f85-4083-b557-edb5b2b76141,
sf_fh_ssqk_qy,4,10.0
sw_cwbb_chzzts_cb,76.1766,3.0
sw_cwbb_jlrzzlv,0.7675,9.0
sw_cwbb_jzcszlv,-0.2372,1.0
sw_cwbb_mlrzzlv,-0.724,1.0
sw_cwbb_sszb,38048686.63,7.0
sw_cwbb_yyzjzzts,,4.0
sw_cwbb_zcfzl,0.7064,3.0
sw_jcxx_clnx,17.48,10.0
sw_jcxx_nsrxypj,A,9.0
sw_sb_lsxs_12m,19.4132,2.0
sw_sb_nsze_zzsqysds_12m,2062735.01,4.0
sw_sb_nszezzl_zzsqysds_12m_a,15.9017,10.0
sw_sb_qbxse_12m,90890607.54,3.0
sw_sb_qbxsezzl_12m,0.856,9.0
sw_sbzs_sflhypld_12m,-0.1615,9.0
sw_sdsnb_cyrs,,1.0
sw_sdsnb_gzxjzzjezzl,,2.0
sw_sdsnb_yjfy,,2.0
zx_dsfsxqk,0,2.0
zx_yhsxqk,1,8.0
