,0,1
apply_time,2023-12-14 02:31:31,
fp_jx_lxfy_12m,83145.14,
fp_jx_zyjyjezb_12m_lh,,2.0
fp_jy_sychje_zb_12m_lh,1.5042,10.0
fp_xx_xychje_zb_12m_lh,0.9637,10.0
fp_xx_zyjyjezb_12m_lh,,3.0
gs_frwdx,4,8.0
gs_gdct,1,3.0
gs_gdwdx,2,4.0
lh_cylwz,4,6.0
lh_lxfybqbxse_12m,,4.0
lh_md_ppjzl,0,2.0
lh_qylx,1,
md_qybq,0,2.0
nsrsbh,9144128330402284X1,
order_no,0e937f49-2724-4890-8d08-d9152315cecb,
sf_fh_ssqk_qy,4,10.0
sw_cwbb_chzzts_cb,92.1764,1.0
sw_cwbb_jlrzzlv,-0.9813,1.0
sw_cwbb_jzcszlv,0.0016,2.0
sw_cwbb_mlrzzlv,0.9236,9.0
sw_cwbb_sszb,8000000,3.0
sw_cwbb_yyzjzzts,,4.0
sw_cwbb_zcfzl,1.5975,1.0
sw_jcxx_clnx,8.55,5.0
sw_jcxx_nsrxypj,B,5.0
sw_sb_lsxs_12m,36.7018,2.0
sw_sb_nsze_zzsqysds_12m,836066.53,2.0
sw_sb_nszezzl_zzsqysds_12m_a,0.6398,10.0
sw_sb_qbxse_12m,42650128.34,1.0
sw_sb_qbxsezzl_12m,0.5312,9.0
sw_sbzs_sflhypld_12m,0.0723,9.0
sw_sdsnb_cyrs,,1.0
sw_sdsnb_gzxjzzjezzl,,2.0
sw_sdsnb_yjfy,,2.0
zx_dsfsxqk,0,2.0
zx_yhsxqk,1,8.0
