,0,1
apply_time,2023-12-14 02:31:31,
fp_jx_lxfy_12m,58147.05,
fp_jx_zyjyjezb_12m_lh,,2.0
fp_jy_sychje_zb_12m_lh,0.9439,10.0
fp_xx_xychje_zb_12m_lh,0.9398,10.0
fp_xx_zyjyjezb_12m_lh,,3.0
gs_frwdx,4,8.0
gs_gdct,1,3.0
gs_gdwdx,4,8.0
lh_cylwz,4,6.0
lh_lxfybqbxse_12m,,4.0
lh_md_ppjzl,0,2.0
lh_qylx,1,
md_qybq,0,2.0
nsrsbh,91441200677127708Q,
order_no,3ce290c7-bacb-46e4-9da6-55feac1a28dc,
sf_fh_ssqk_qy,4,10.0
sw_cwbb_chzzts_cb,30.4113,7.0
sw_cwbb_jlrzzlv,5.3511,9.0
sw_cwbb_jzcszlv,-0.3269,1.0
sw_cwbb_mlrzzlv,-0.1876,1.0
sw_cwbb_sszb,7798292.22,3.0
sw_cwbb_yyzjzzts,,4.0
sw_cwbb_zcfzl,0.8802,1.0
sw_jcxx_clnx,14.34,7.0
sw_jcxx_nsrxypj,C,1.0
sw_sb_lsxs_12m,29.0857,2.0
sw_sb_nsze_zzsqysds_12m,633122.45,2.0
sw_sb_nszezzl_zzsqysds_12m_a,0.1559,8.0
sw_sb_qbxse_12m,16525250.85,1.0
sw_sb_qbxsezzl_12m,-0.0177,2.0
sw_sbzs_sflhypld_12m,0.0495,9.0
sw_sdsnb_cyrs,,1.0
sw_sdsnb_gzxjzzjezzl,0.4987,11.0
sw_sdsnb_yjfy,0,2.0
zx_dsfsxqk,0,2.0
zx_yhsxqk,1,8.0
