,0,1
apply_time,2023-12-14 02:31:32,
fp_jx_lxfy_12m,,
fp_jx_zyjyjezb_12m_lh,,2.0
fp_jy_sychje_zb_12m_lh,0.4004,6.0
fp_xx_xychje_zb_12m_lh,0.293,4.0
fp_xx_zyjyjezb_12m_lh,,3.0
gs_frwdx,4,8.0
gs_gdct,1,3.0
gs_gdwdx,4,8.0
lh_cylwz,4,6.0
lh_lxfybqbxse_12m,,4.0
lh_md_ppjzl,0,2.0
lh_qylx,1,
md_qybq,0,2.0
nsrsbh,91441900572350073C,
order_no,c654403d-5ff3-4baa-8080-0efe1bd56fc5,
sf_fh_ssqk_qy,4,10.0
sw_cwbb_chzzts_cb,199.7264,1.0
sw_cwbb_jlrzzlv,-1.8165,1.0
sw_cwbb_jzcszlv,-0.0297,1.0
sw_cwbb_mlrzzlv,-0.4306,1.0
sw_cwbb_sszb,10000000,3.0
sw_cwbb_yyzjzzts,,4.0
sw_cwbb_zcfzl,0.6073,5.0
sw_jcxx_clnx,12.25,7.0
sw_jcxx_nsrxypj,A,9.0
sw_sb_lsxs_12m,63.2667,2.0
sw_sb_nsze_zzsqysds_12m,66032.82,2.0
sw_sb_nszezzl_zzsqysds_12m_a,-0.7833,2.0
sw_sb_qbxse_12m,7661455.15,1.0
sw_sb_qbxsezzl_12m,-0.5416,1.0
sw_sbzs_sflhypld_12m,-0.5095,4.0
sw_sdsnb_cyrs,,1.0
sw_sdsnb_gzxjzzjezzl,-0.3727,2.0
sw_sdsnb_yjfy,0,2.0
zx_dsfsxqk,1,9.0
zx_yhsxqk,1,8.0
