,0,1
apply_time,2023-12-14 02:31:32,
fp_jx_lxfy_12m,,
fp_jx_zyjyjezb_12m_lh,0.0213,2.0
fp_jy_sychje_zb_12m_lh,0.8598,10.0
fp_xx_xychje_zb_12m_lh,0.7296,10.0
fp_xx_zyjyjezb_12m_lh,,3.0
gs_frwdx,4,8.0
gs_gdct,2,3.0
gs_gdwdx,4,8.0
lh_cylwz,4,6.0
lh_lxfybqbxse_12m,,4.0
lh_md_ppjzl,0,2.0
lh_qylx,1,
md_qybq,0,2.0
nsrsbh,914413227649260653,
order_no,29e73dbb-8478-46cb-99a0-b53cc249d445,
sf_fh_ssqk_qy,4,10.0
sw_cwbb_chzzts_cb,26.6852,10.0
sw_cwbb_jlrzzlv,10.6415,9.0
sw_cwbb_jzcszlv,0.0351,2.0
sw_cwbb_mlrzzlv,0.0767,3.0
sw_cwbb_sszb,205615163.42,10.0
sw_cwbb_yyzjzzts,,4.0
sw_cwbb_zcfzl,0.627,5.0
sw_jcxx_clnx,18.86,10.0
sw_jcxx_nsrxypj,A,9.0
sw_sb_lsxs_12m,29.9021,2.0
sw_sb_nsze_zzsqysds_12m,2323831.41,4.0
sw_sb_nszezzl_zzsqysds_12m_a,-0.0596,2.0
sw_sb_qbxse_12m,468584511.62,7.0
sw_sb_qbxsezzl_12m,-0.2072,1.0
sw_sbzs_sflhypld_12m,-1,4.0
sw_sdsnb_cyrs,,1.0
sw_sdsnb_gzxjzzjezzl,0.2128,11.0
sw_sdsnb_yjfy,0,2.0
zx_dsfsxqk,2,6.0
zx_yhsxqk,2,7.0
