,0,1
apply_time,2023-12-14 02:31:32,
fp_jx_lxfy_12m,,
fp_jx_zyjyjezb_12m_lh,,2.0
fp_jy_sychje_zb_12m_lh,0.87,10.0
fp_xx_xychje_zb_12m_lh,0.5797,8.0
fp_xx_zyjyjezb_12m_lh,,3.0
gs_frwdx,4,8.0
gs_gdct,1,3.0
gs_gdwdx,0,4.0
lh_cylwz,4,6.0
lh_lxfybqbxse_12m,,4.0
lh_md_ppjzl,0,2.0
lh_qylx,1,
md_qybq,0,2.0
nsrsbh,91441381MA5619UU8D,
order_no,cdcfb150-1dd4-452b-9d07-43eb18697573,
sf_fh_ssqk_qy,4,10.0
sw_cwbb_chzzts_cb,142.6952,1.0
sw_cwbb_jlrzzlv,-1.7456,1.0
sw_cwbb_jzcszlv,0.4656,10.0
sw_cwbb_mlrzzlv,0.9014,9.0
sw_cwbb_sszb,8275000,3.0
sw_cwbb_yyzjzzts,,4.0
sw_cwbb_zcfzl,0.9506,1.0
sw_jcxx_clnx,2.38,1.0
sw_jcxx_nsrxypj,,1.0
sw_sb_lsxs_12m,28.4982,2.0
sw_sb_nsze_zzsqysds_12m,3750918.2,6.0
sw_sb_nszezzl_zzsqysds_12m_a,-0.1188,2.0
sw_sb_qbxse_12m,179230492.84,5.0
sw_sb_qbxsezzl_12m,-0.2307,1.0
sw_sbzs_sflhypld_12m,0.1921,9.0
sw_sdsnb_cyrs,,1.0
sw_sdsnb_gzxjzzjezzl,0.2225,11.0
sw_sdsnb_yjfy,12018862.98,9.0
zx_dsfsxqk,0,2.0
zx_yhsxqk,1,8.0
