,0,1
apply_time,2023-12-14 02:31:32,
fp_jx_lxfy_12m,,
fp_jx_zyjyjezb_12m_lh,,2.0
fp_jy_sychje_zb_12m_lh,0.998,10.0
fp_xx_xychje_zb_12m_lh,0.1546,4.0
fp_xx_zyjyjezb_12m_lh,,3.0
gs_frwdx,1,2.0
gs_gdct,1,3.0
gs_gdwdx,4,8.0
lh_cylwz,4,6.0
lh_lxfybqbxse_12m,,4.0
lh_md_ppjzl,0,2.0
lh_qylx,1,
md_qybq,0,2.0
nsrsbh,91440300MA5F851C1E,
order_no,fca84725-814e-43a0-9614-89901b810fbc,
sf_fh_ssqk_qy,4,10.0
sw_cwbb_chzzts_cb,4.4006,10.0
sw_cwbb_jlrzzlv,0.2591,5.0
sw_cwbb_jzcszlv,-0.4339,1.0
sw_cwbb_mlrzzlv,0.3482,7.0
sw_cwbb_sszb,6800000,3.0
sw_cwbb_yyzjzzts,,4.0
sw_cwbb_zcfzl,0.6945,5.0
sw_jcxx_clnx,5,3.0
sw_jcxx_nsrxypj,A,9.0
sw_sb_lsxs_12m,106.1041,2.0
sw_sb_nsze_zzsqysds_12m,229170.89,2.0
sw_sb_nszezzl_zzsqysds_12m_a,1.2797,10.0
sw_sb_qbxse_12m,16400708,1.0
sw_sb_qbxsezzl_12m,0.4463,6.0
sw_sbzs_sflhypld_12m,-0.2418,9.0
sw_sdsnb_cyrs,,1.0
sw_sdsnb_gzxjzzjezzl,0.5024,9.0
sw_sdsnb_yjfy,1447588.79,5.0
zx_dsfsxqk,0,2.0
zx_yhsxqk,1,8.0
