,0,1
apply_time,2023-12-14 02:31:32,
fp_jx_lxfy_12m,,
fp_jx_zyjyjezb_12m_lh,,2.0
fp_jy_sychje_zb_12m_lh,,2.0
fp_xx_xychje_zb_12m_lh,1.2906,10.0
fp_xx_zyjyjezb_12m_lh,,3.0
gs_frwdx,4,8.0
gs_gdct,1,3.0
gs_gdwdx,3,6.0
lh_cylwz,4,6.0
lh_lxfybqbxse_12m,,4.0
lh_md_ppjzl,0,2.0
lh_qylx,1,
md_qybq,0,2.0
nsrsbh,91440300058965921C,
order_no,75b06d01-bf28-47f7-8952-c4052c9d34a2,
sf_fh_ssqk_qy,4,10.0
sw_cwbb_chzzts_cb,112.287,1.0
sw_cwbb_jlrzzlv,2.0946,9.0
sw_cwbb_jzcszlv,0.5858,8.0
sw_cwbb_mlrzzlv,0.2084,5.0
sw_cwbb_sszb,10000000,3.0
sw_cwbb_yyzjzzts,,4.0
sw_cwbb_zcfzl,0.9416,1.0
sw_jcxx_clnx,10.65,7.0
sw_jcxx_nsrxypj,D,1.0
sw_sb_lsxs_12m,19.1358,2.0
sw_sb_nsze_zzsqysds_12m,598505.09,2.0
sw_sb_nszezzl_zzsqysds_12m_a,0.1456,8.0
sw_sb_qbxse_12m,74705656.88,3.0
sw_sb_qbxsezzl_12m,-0.0225,2.0
sw_sbzs_sflhypld_12m,0.3062,9.0
sw_sdsnb_cyrs,,1.0
sw_sdsnb_gzxjzzjezzl,-0.8429,2.0
sw_sdsnb_yjfy,5323158.96,7.0
zx_dsfsxqk,0,2.0
zx_yhsxqk,1,8.0
