,0,1
apply_time,2023-12-14 02:31:32,
fp_jx_lxfy_12m,104000,
fp_jx_zyjyjezb_12m_lh,,2.0
fp_jy_sychje_zb_12m_lh,0.9722,10.0
fp_xx_xychje_zb_12m_lh,1.1741,10.0
fp_xx_zyjyjezb_12m_lh,,3.0
gs_frwdx,4,8.0
gs_gdct,1,3.0
gs_gdwdx,4,8.0
lh_cylwz,4,6.0
lh_lxfybqbxse_12m,,4.0
lh_md_ppjzl,0,2.0
lh_qylx,1,
md_qybq,0,2.0
nsrsbh,91441900765706435B,
order_no,580afda2-2e38-4d1a-ada1-2f2222b51de6,
sf_fh_ssqk_qy,4,10.0
sw_cwbb_chzzts_cb,0.0108,10.0
sw_cwbb_jlrzzlv,0.0817,4.0
sw_cwbb_jzcszlv,0.1625,8.0
sw_cwbb_mlrzzlv,0.4171,7.0
sw_cwbb_sszb,5000000,3.0
sw_cwbb_yyzjzzts,,4.0
sw_cwbb_zcfzl,0.8939,1.0
sw_jcxx_clnx,19.07,10.0
sw_jcxx_nsrxypj,A,9.0
sw_sb_lsxs_12m,30.3371,2.0
sw_sb_nsze_zzsqysds_12m,6691110.46,8.0
sw_sb_nszezzl_zzsqysds_12m_a,0.9915,10.0
sw_sb_qbxse_12m,214711579.19,5.0
sw_sb_qbxsezzl_12m,0.113,5.0
sw_sbzs_sflhypld_12m,0.4298,9.0
sw_sdsnb_cyrs,,1.0
sw_sdsnb_gzxjzzjezzl,0.8855,9.0
sw_sdsnb_yjfy,0,2.0
zx_dsfsxqk,3,6.0
zx_yhsxqk,1,8.0
