,0,1
apply_time,2023-12-14 02:31:33,
fp_jx_lxfy_12m,,
fp_jx_zyjyjezb_12m_lh,,2.0
fp_jy_sychje_zb_12m_lh,0.8288,10.0
fp_xx_xychje_zb_12m_lh,0.8776,10.0
fp_xx_zyjyjezb_12m_lh,,3.0
gs_frwdx,4,8.0
gs_gdct,1,3.0
gs_gdwdx,4,8.0
lh_cylwz,5,5.0
lh_lxfybqbxse_12m,,4.0
lh_md_ppjzl,0,2.0
lh_qylx,2,
md_qybq,0,2.0
nsrsbh,91440300085703038H,
order_no,cdda2c83-5cde-4144-9f18-535dc569d9d4,
sf_fh_ssqk_qy,4,10.0
sw_cwbb_chzzts_cb,59.8832,5.0
sw_cwbb_jlrzzlv,2.2353,9.0
sw_cwbb_jzcszlv,0.2458,10.0
sw_cwbb_mlrzzlv,0.7155,9.0
sw_cwbb_sszb,10000000,3.0
sw_cwbb_yyzjzzts,,4.0
sw_cwbb_zcfzl,0.6367,5.0
sw_jcxx_clnx,9.84,5.0
sw_jcxx_nsrxypj,A,9.0
sw_sb_lsxs_12m,36.7753,2.0
sw_sb_nsze_zzsqysds_12m,2832005.84,4.0
sw_sb_nszezzl_zzsqysds_12m_a,0.6333,10.0
sw_sb_qbxse_12m,107299763.82,5.0
sw_sb_qbxsezzl_12m,-0.1104,2.0
sw_sbzs_sflhypld_12m,1.494,7.0
sw_sdsnb_cyrs,,1.0
sw_sdsnb_gzxjzzjezzl,1.1803,9.0
sw_sdsnb_yjfy,2881170.75,5.0
zx_dsfsxqk,0,2.0
zx_yhsxqk,1,8.0
