,0,1
apply_time,2023-12-14 02:31:33,
fp_jx_lxfy_12m,,
fp_jx_zyjyjezb_12m_lh,,2.0
fp_jy_sychje_zb_12m_lh,1.1471,10.0
fp_xx_xychje_zb_12m_lh,0.9264,10.0
fp_xx_zyjyjezb_12m_lh,,3.0
gs_frwdx,4,8.0
gs_gdct,1,3.0
gs_gdwdx,4,8.0
lh_cylwz,2,8.0
lh_lxfybqbxse_12m,,4.0
lh_md_ppjzl,3,5.0
lh_qylx,1,
md_qybq,0,2.0
nsrsbh,91440300683787219G,
order_no,8e0f20d1-b467-4fc3-8cab-add163e1c890,
sf_fh_ssqk_qy,4,10.0
sw_cwbb_chzzts_cb,116.013,1.0
sw_cwbb_jlrzzlv,-0.3604,1.0
sw_cwbb_jzcszlv,0.1501,8.0
sw_cwbb_mlrzzlv,0.048,3.0
sw_cwbb_sszb,15000000,5.0
sw_cwbb_yyzjzzts,,4.0
sw_cwbb_zcfzl,0.8684,1.0
sw_jcxx_clnx,14.38,7.0
sw_jcxx_nsrxypj,A,9.0
sw_sb_lsxs_12m,116.9156,2.0
sw_sb_nsze_zzsqysds_12m,80079.25,2.0
sw_sb_nszezzl_zzsqysds_12m_a,-0.6858,2.0
sw_sb_qbxse_12m,306645793.26,7.0
sw_sb_qbxsezzl_12m,0.246,6.0
sw_sbzs_sflhypld_12m,-0.9829,4.0
sw_sdsnb_cyrs,,1.0
sw_sdsnb_gzxjzzjezzl,0.1765,9.0
sw_sdsnb_yjfy,17848796.9,9.0
zx_dsfsxqk,3,6.0
zx_yhsxqk,1,8.0
