,0,1
apply_time,2023-12-14 02:31:33,
fp_jx_lxfy_12m,,
fp_jx_zyjyjezb_12m_lh,0.0287,2.0
fp_jy_sychje_zb_12m_lh,1.0292,10.0
fp_xx_xychje_zb_12m_lh,1.0109,10.0
fp_xx_zyjyjezb_12m_lh,0.0579,3.0
gs_frwdx,4,8.0
gs_gdct,1,3.0
gs_gdwdx,3,6.0
lh_cylwz,5,5.0
lh_lxfybqbxse_12m,,4.0
lh_md_ppjzl,0,2.0
lh_qylx,2,
md_qybq,0,2.0
nsrsbh,91440300691192370A,
order_no,13bdb7ef-2368-443d-bb31-d171da65b5e1,
sf_fh_ssqk_qy,4,10.0
sw_cwbb_chzzts_cb,113.4386,1.0
sw_cwbb_jlrzzlv,-0.7822,1.0
sw_cwbb_jzcszlv,0.0447,2.0
sw_cwbb_mlrzzlv,-0.0356,1.0
sw_cwbb_sszb,8000000,3.0
sw_cwbb_yyzjzzts,,4.0
sw_cwbb_zcfzl,0.7404,3.0
sw_jcxx_clnx,13.96,7.0
sw_jcxx_nsrxypj,A,9.0
sw_sb_lsxs_12m,14.4274,2.0
sw_sb_nsze_zzsqysds_12m,1003288.34,4.0
sw_sb_nszezzl_zzsqysds_12m_a,-0.2526,2.0
sw_sb_qbxse_12m,119015013.25,5.0
sw_sb_qbxsezzl_12m,-0.0229,2.0
sw_sbzs_sflhypld_12m,-0.5342,4.0
sw_sdsnb_cyrs,,1.0
sw_sdsnb_gzxjzzjezzl,0.6309,9.0
sw_sdsnb_yjfy,6786639.01,7.0
zx_dsfsxqk,3,6.0
zx_yhsxqk,1,8.0
