,0,1
apply_time,2023-12-14 02:31:33,
fp_jx_lxfy_12m,,
fp_jx_zyjyjezb_12m_lh,0.0164,2.0
fp_jy_sychje_zb_12m_lh,0.9755,10.0
fp_xx_xychje_zb_12m_lh,0.7684,10.0
fp_xx_zyjyjezb_12m_lh,0.0593,3.0
gs_frwdx,3,5.0
gs_gdct,1,3.0
gs_gdwdx,3,6.0
lh_cylwz,4,6.0
lh_lxfybqbxse_12m,,4.0
lh_md_ppjzl,0,2.0
lh_qylx,1,
md_qybq,0,2.0
nsrsbh,91440300MA5DLLPM9H,
order_no,c8cb18f8-4e86-42ff-9f79-14ee92b4ef46,
sf_fh_ssqk_qy,4,10.0
sw_cwbb_chzzts_cb,99.2117,1.0
sw_cwbb_jlrzzlv,-1.9341,1.0
sw_cwbb_jzcszlv,-1.5361,1.0
sw_cwbb_mlrzzlv,-0.4631,1.0
sw_cwbb_sszb,10000000,3.0
sw_cwbb_yyzjzzts,,4.0
sw_cwbb_zcfzl,0.9881,1.0
sw_jcxx_clnx,6.79,5.0
sw_jcxx_nsrxypj,A,9.0
sw_sb_lsxs_12m,30.4403,2.0
sw_sb_nsze_zzsqysds_12m,4127114.64,6.0
sw_sb_nszezzl_zzsqysds_12m_a,-0.4485,2.0
sw_sb_qbxse_12m,406365999.51,7.0
sw_sb_qbxsezzl_12m,0.1408,5.0
sw_sbzs_sflhypld_12m,-0.3612,9.0
sw_sdsnb_cyrs,,1.0
sw_sdsnb_gzxjzzjezzl,0.3743,11.0
sw_sdsnb_yjfy,16513699.1,9.0
zx_dsfsxqk,3,6.0
zx_yhsxqk,1,8.0
