,0,1
apply_time,2023-12-14 02:31:34,
fp_jx_lxfy_12m,,
fp_jx_zyjyjezb_12m_lh,0.036,2.0
fp_jy_sychje_zb_12m_lh,0.7551,10.0
fp_xx_xychje_zb_12m_lh,0.7324,10.0
fp_xx_zyjyjezb_12m_lh,,3.0
gs_frwdx,4,8.0
gs_gdct,1,3.0
gs_gdwdx,1,2.0
lh_cylwz,0,3.0
lh_lxfybqbxse_12m,,4.0
lh_md_ppjzl,0,2.0
lh_qylx,2,
md_qybq,0,2.0
nsrsbh,91460108MA5TU9K16N,
order_no,3cf6a21c-1f1e-419b-ae5f-1c6519de57b2,
sf_fh_ssqk_qy,4,10.0
sw_cwbb_chzzts_cb,65.1204,3.0
sw_cwbb_jlrzzlv,-6.6327,1.0
sw_cwbb_jzcszlv,3.0503,8.0
sw_cwbb_mlrzzlv,2.5307,9.0
sw_cwbb_sszb,0,0.0
sw_cwbb_yyzjzzts,,4.0
sw_cwbb_zcfzl,0.9511,1.0
sw_jcxx_clnx,2.48,1.0
sw_jcxx_nsrxypj,B,5.0
sw_sb_lsxs_12m,61.3384,2.0
sw_sb_nsze_zzsqysds_12m,130234.99,2.0
sw_sb_nszezzl_zzsqysds_12m_a,0.5713,10.0
sw_sb_qbxse_12m,19405567.4,1.0
sw_sb_qbxsezzl_12m,-0.0428,2.0
sw_sbzs_sflhypld_12m,-1,4.0
sw_sdsnb_cyrs,,1.0
sw_sdsnb_gzxjzzjezzl,15575.0026,9.0
sw_sdsnb_yjfy,,2.0
zx_dsfsxqk,3,6.0
zx_yhsxqk,1,8.0
