,0,1
apply_time,2023-12-14 02:31:34,
fp_jx_lxfy_12m,313245.66,
fp_jx_zyjyjezb_12m_lh,,2.0
fp_jy_sychje_zb_12m_lh,0.5282,8.0
fp_xx_xychje_zb_12m_lh,0.4832,6.0
fp_xx_zyjyjezb_12m_lh,,3.0
gs_frwdx,4,8.0
gs_gdct,1,3.0
gs_gdwdx,4,8.0
lh_cylwz,4,6.0
lh_lxfybqbxse_12m,,4.0
lh_md_ppjzl,3,5.0
lh_qylx,1,
md_qybq,0,2.0
nsrsbh,91371081MA3M35RQ7Y,
order_no,e14dd246-dfd7-4d8a-ac69-d5967db6426d,
sf_fh_ssqk_qy,4,10.0
sw_cwbb_chzzts_cb,45.886,5.0
sw_cwbb_jlrzzlv,-1.7609,1.0
sw_cwbb_jzcszlv,-0.186,1.0
sw_cwbb_mlrzzlv,-0.785,1.0
sw_cwbb_sszb,77898600,10.0
sw_cwbb_yyzjzzts,,4.0
sw_cwbb_zcfzl,0.8119,1.0
sw_jcxx_clnx,5.04,3.0
sw_jcxx_nsrxypj,A,9.0
sw_sb_lsxs_12m,24.9406,2.0
sw_sb_nsze_zzsqysds_12m,-430139.07,2.0
sw_sb_nszezzl_zzsqysds_12m_a,-1.0555,2.0
sw_sb_qbxse_12m,468538238.56,7.0
sw_sb_qbxsezzl_12m,-0.3371,1.0
sw_sbzs_sflhypld_12m,-1,4.0
sw_sdsnb_cyrs,,1.0
sw_sdsnb_gzxjzzjezzl,-0.1898,2.0
sw_sdsnb_yjfy,2965297.42,5.0
zx_dsfsxqk,3,6.0
zx_yhsxqk,1,8.0
