,0,1
apply_time,2023-12-14 02:31:34,
fp_jx_lxfy_12m,,
fp_jx_zyjyjezb_12m_lh,,2.0
fp_jy_sychje_zb_12m_lh,0.2523,4.0
fp_xx_xychje_zb_12m_lh,,2.0
fp_xx_zyjyjezb_12m_lh,,3.0
gs_frwdx,4,8.0
gs_gdct,1,3.0
gs_gdwdx,4,8.0
lh_cylwz,4,6.0
lh_lxfybqbxse_12m,,4.0
lh_md_ppjzl,0,2.0
lh_qylx,1,
md_qybq,0,2.0
nsrsbh,914403003428058374,
order_no,c453b0e9-4a11-4fc8-bedf-602a7806db5d,
sf_fh_ssqk_qy,4,10.0
sw_cwbb_chzzts_cb,70.545,3.0
sw_cwbb_jlrzzlv,9.5225,9.0
sw_cwbb_jzcszlv,1.9046,8.0
sw_cwbb_mlrzzlv,4.9204,9.0
sw_cwbb_sszb,3800000,3.0
sw_cwbb_yyzjzzts,,4.0
sw_cwbb_zcfzl,0.9245,1.0
sw_jcxx_clnx,8.08,5.0
sw_jcxx_nsrxypj,B,5.0
sw_sb_lsxs_12m,66.993,2.0
sw_sb_nsze_zzsqysds_12m,1345510.69,4.0
sw_sb_nszezzl_zzsqysds_12m_a,0.0036,2.0
sw_sb_qbxse_12m,97414990.13,3.0
sw_sb_qbxsezzl_12m,0.0142,5.0
sw_sbzs_sflhypld_12m,-0.2129,9.0
sw_sdsnb_cyrs,,1.0
sw_sdsnb_gzxjzzjezzl,6.9911,9.0
sw_sdsnb_yjfy,6035296.24,7.0
zx_dsfsxqk,0,2.0
zx_yhsxqk,1,8.0
