,0,1
apply_time,2023-12-14 02:31:34,
fp_jx_lxfy_12m,,
fp_jx_zyjyjezb_12m_lh,,2.0
fp_jy_sychje_zb_12m_lh,5.1266,10.0
fp_xx_xychje_zb_12m_lh,,2.0
fp_xx_zyjyjezb_12m_lh,,3.0
gs_frwdx,4,8.0
gs_gdct,1,3.0
gs_gdwdx,4,8.0
lh_cylwz,1,10.0
lh_lxfybqbxse_12m,,4.0
lh_md_ppjzl,3,5.0
lh_qylx,1,
md_qybq,0,2.0
nsrsbh,91440300MA5DRN3C5F,
order_no,3f7e5bf5-2d56-4641-a5b0-9b1399027462,
sf_fh_ssqk_qy,4,10.0
sw_cwbb_chzzts_cb,139.0053,1.0
sw_cwbb_jlrzzlv,0.5352,9.0
sw_cwbb_jzcszlv,0.5603,8.0
sw_cwbb_mlrzzlv,0.5444,9.0
sw_cwbb_sszb,5000000,3.0
sw_cwbb_yyzjzzts,,4.0
sw_cwbb_zcfzl,0.7813,3.0
sw_jcxx_clnx,6.6,5.0
sw_jcxx_nsrxypj,A,9.0
sw_sb_lsxs_12m,37.8137,2.0
sw_sb_nsze_zzsqysds_12m,1416949.17,4.0
sw_sb_nszezzl_zzsqysds_12m_a,-0.1682,2.0
sw_sb_qbxse_12m,399260689.85,7.0
sw_sb_qbxsezzl_12m,2.7809,9.0
sw_sbzs_sflhypld_12m,-0.8973,4.0
sw_sdsnb_cyrs,,1.0
sw_sdsnb_gzxjzzjezzl,0.4623,11.0
sw_sdsnb_yjfy,8742784.99,7.0
zx_dsfsxqk,3,6.0
zx_yhsxqk,1,8.0
