,0,1
apply_time,2023-12-14 02:31:34,
fp_jx_lxfy_12m,,
fp_jx_zyjyjezb_12m_lh,,2.0
fp_jy_sychje_zb_12m_lh,,2.0
fp_xx_xychje_zb_12m_lh,2.811,10.0
fp_xx_zyjyjezb_12m_lh,,3.0
gs_frwdx,4,8.0
gs_gdct,1,3.0
gs_gdwdx,4,8.0
lh_cylwz,5,5.0
lh_lxfybqbxse_12m,,4.0
lh_md_ppjzl,0,2.0
lh_qylx,2,
md_qybq,0,2.0
nsrsbh,91440300MA5EJ0GY20,
order_no,bbbef753-0107-4286-9131-3e9af127d9ac,
sf_fh_ssqk_qy,4,10.0
sw_cwbb_chzzts_cb,17.7456,10.0
sw_cwbb_jlrzzlv,2.5225,9.0
sw_cwbb_jzcszlv,1.7782,8.0
sw_cwbb_mlrzzlv,-0.1682,1.0
sw_cwbb_sszb,1000000,1.0
sw_cwbb_yyzjzzts,,4.0
sw_cwbb_zcfzl,0.8045,1.0
sw_jcxx_clnx,6.23,5.0
sw_jcxx_nsrxypj,B,5.0
sw_sb_lsxs_12m,58.6967,2.0
sw_sb_nsze_zzsqysds_12m,3347402.9,6.0
sw_sb_nszezzl_zzsqysds_12m_a,14.6816,10.0
sw_sb_qbxse_12m,130568516.87,5.0
sw_sb_qbxsezzl_12m,-0.7492,1.0
sw_sbzs_sflhypld_12m,0.1914,9.0
sw_sdsnb_cyrs,,1.0
sw_sdsnb_gzxjzzjezzl,-0.3229,2.0
sw_sdsnb_yjfy,5506093.09,7.0
zx_dsfsxqk,3,6.0
zx_yhsxqk,1,8.0
