,0,1
apply_time,2023-12-14 02:31:35,
fp_jx_lxfy_12m,702100.67,
fp_jx_zyjyjezb_12m_lh,,2.0
fp_jy_sychje_zb_12m_lh,,2.0
fp_xx_xychje_zb_12m_lh,0.8251,10.0
fp_xx_zyjyjezb_12m_lh,,3.0
gs_frwdx,4,8.0
gs_gdct,1,3.0
gs_gdwdx,4,8.0
lh_cylwz,5,5.0
lh_lxfybqbxse_12m,,4.0
lh_md_ppjzl,0,2.0
lh_qylx,2,
md_qybq,0,2.0
nsrsbh,91110116760918332Q,
order_no,d0221c65-8509-4856-a305-4c23ad26db64,
sf_fh_ssqk_qy,4,10.0
sw_cwbb_chzzts_cb,60.1516,3.0
sw_cwbb_jlrzzlv,-0.0061,1.0
sw_cwbb_jzcszlv,0.0297,2.0
sw_cwbb_mlrzzlv,0.0982,3.0
sw_cwbb_sszb,30000000,5.0
sw_cwbb_yyzjzzts,,4.0
sw_cwbb_zcfzl,0.697,5.0
sw_jcxx_clnx,19.39,10.0
sw_jcxx_nsrxypj,B,5.0
sw_sb_lsxs_12m,25.9336,2.0
sw_sb_nsze_zzsqysds_12m,810476.73,2.0
sw_sb_nszezzl_zzsqysds_12m_a,0.6633,10.0
sw_sb_qbxse_12m,327857857.07,7.0
sw_sb_qbxsezzl_12m,-0.0245,2.0
sw_sbzs_sflhypld_12m,-0.8863,4.0
sw_sdsnb_cyrs,,1.0
sw_sdsnb_gzxjzzjezzl,-0.0934,2.0
sw_sdsnb_yjfy,11500895.8,9.0
zx_dsfsxqk,3,6.0
zx_yhsxqk,1,8.0
