,0,1
apply_time,2023-12-14 02:31:35,
fp_jx_lxfy_12m,,
fp_jx_zyjyjezb_12m_lh,,2.0
fp_jy_sychje_zb_12m_lh,,2.0
fp_xx_xychje_zb_12m_lh,0.701,10.0
fp_xx_zyjyjezb_12m_lh,,3.0
gs_frwdx,4,8.0
gs_gdct,1,3.0
gs_gdwdx,4,8.0
lh_cylwz,5,5.0
lh_lxfybqbxse_12m,,4.0
lh_md_ppjzl,0,2.0
lh_qylx,2,
md_qybq,0,2.0
nsrsbh,91440300MA5FCX312X,
order_no,e2e54c5f-e062-4203-a3b9-c55ea1a2ab12,
sf_fh_ssqk_qy,4,10.0
sw_cwbb_chzzts_cb,90.7283,1.0
sw_cwbb_jlrzzlv,-1.0549,1.0
sw_cwbb_jzcszlv,-0.015,1.0
sw_cwbb_mlrzzlv,1.6489,9.0
sw_cwbb_sszb,0,0.0
sw_cwbb_yyzjzzts,,4.0
sw_cwbb_zcfzl,1.7915,1.0
sw_jcxx_clnx,4.76,3.0
sw_jcxx_nsrxypj,B,5.0
sw_sb_lsxs_12m,34.9121,2.0
sw_sb_nsze_zzsqysds_12m,0,2.0
sw_sb_nszezzl_zzsqysds_12m_a,0,2.0
sw_sb_qbxse_12m,10560615.78,1.0
sw_sb_qbxsezzl_12m,-0.033,2.0
sw_sbzs_sflhypld_12m,-1,4.0
sw_sdsnb_cyrs,,1.0
sw_sdsnb_gzxjzzjezzl,-0.7672,2.0
sw_sdsnb_yjfy,1023999.74,5.0
zx_dsfsxqk,3,6.0
zx_yhsxqk,1,8.0
