,0,1
apply_time,2023-12-14 02:31:35,
fp_jx_lxfy_12m,,
fp_jx_zyjyjezb_12m_lh,,2.0
fp_jy_sychje_zb_12m_lh,0.5149,8.0
fp_xx_xychje_zb_12m_lh,3.0384,10.0
fp_xx_zyjyjezb_12m_lh,,3.0
gs_frwdx,1,2.0
gs_gdct,1,3.0
gs_gdwdx,4,8.0
lh_cylwz,1,10.0
lh_lxfybqbxse_12m,,4.0
lh_md_ppjzl,0,2.0
lh_qylx,1,
md_qybq,0,2.0
nsrsbh,91440300071131008W,
order_no,fe8ef23f-57cf-4cd3-a80d-98bb494aea4c,
sf_fh_ssqk_qy,4,10.0
sw_cwbb_chzzts_cb,251.0316,1.0
sw_cwbb_jlrzzlv,-0.5236,1.0
sw_cwbb_jzcszlv,0.0193,2.0
sw_cwbb_mlrzzlv,-0.1843,1.0
sw_cwbb_sszb,51300000,10.0
sw_cwbb_yyzjzzts,,4.0
sw_cwbb_zcfzl,0.6715,5.0
sw_jcxx_clnx,10.19,7.0
sw_jcxx_nsrxypj,A,9.0
sw_sb_lsxs_12m,73.8707,2.0
sw_sb_nsze_zzsqysds_12m,1278364.52,4.0
sw_sb_nszezzl_zzsqysds_12m_a,-0.1061,2.0
sw_sb_qbxse_12m,101355659.81,5.0
sw_sb_qbxsezzl_12m,0.1757,5.0
sw_sbzs_sflhypld_12m,-0.2984,9.0
sw_sdsnb_cyrs,,1.0
sw_sdsnb_gzxjzzjezzl,,2.0
sw_sdsnb_yjfy,6735655.23,7.0
zx_dsfsxqk,1,9.0
zx_yhsxqk,1,8.0
