,0,1
apply_time,2023-12-14 02:31:35,
fp_jx_lxfy_12m,,
fp_jx_zyjyjezb_12m_lh,,2.0
fp_jy_sychje_zb_12m_lh,3.0688,10.0
fp_xx_xychje_zb_12m_lh,,2.0
fp_xx_zyjyjezb_12m_lh,,3.0
gs_frwdx,2,4.0
gs_gdct,1,3.0
gs_gdwdx,4,8.0
lh_cylwz,3,7.0
lh_lxfybqbxse_12m,,4.0
lh_md_ppjzl,0,2.0
lh_qylx,2,
md_qybq,0,2.0
nsrsbh,91440300MA5F4W930N,
order_no,6eecf08f-5eab-4c28-aaea-5d5b2382dafa,
sf_fh_ssqk_qy,4,10.0
sw_cwbb_chzzts_cb,16.2419,10.0
sw_cwbb_jlrzzlv,4.1573,9.0
sw_cwbb_jzcszlv,1.3929,8.0
sw_cwbb_mlrzzlv,0.3603,7.0
sw_cwbb_sszb,2803185.77,1.0
sw_cwbb_yyzjzzts,,4.0
sw_cwbb_zcfzl,0.438,10.0
sw_jcxx_clnx,5.31,3.0
sw_jcxx_nsrxypj,A,9.0
sw_sb_lsxs_12m,45.9629,2.0
sw_sb_nsze_zzsqysds_12m,-11892.55,2.0
sw_sb_nszezzl_zzsqysds_12m_a,-4.1215,2.0
sw_sb_qbxse_12m,393066726.03,7.0
sw_sb_qbxsezzl_12m,1.5684,9.0
sw_sbzs_sflhypld_12m,-1,4.0
sw_sdsnb_cyrs,,1.0
sw_sdsnb_gzxjzzjezzl,-0.2474,2.0
sw_sdsnb_yjfy,6751994.27,7.0
zx_dsfsxqk,3,6.0
zx_yhsxqk,1,8.0
