,0,1
apply_time,2023-12-14 02:31:35,
fp_jx_lxfy_12m,,
fp_jx_zyjyjezb_12m_lh,,2.0
fp_jy_sychje_zb_12m_lh,0.7738,10.0
fp_xx_xychje_zb_12m_lh,0.8475,10.0
fp_xx_zyjyjezb_12m_lh,,3.0
gs_frwdx,4,8.0
gs_gdct,1,3.0
gs_gdwdx,4,8.0
lh_cylwz,3,7.0
lh_lxfybqbxse_12m,,4.0
lh_md_ppjzl,0,2.0
lh_qylx,1,
md_qybq,0,2.0
nsrsbh,91440300MA5FNX005J,
order_no,09b644ff-ae34-46d1-b6be-baa193e4b08d,
sf_fh_ssqk_qy,4,10.0
sw_cwbb_chzzts_cb,585.0297,1.0
sw_cwbb_jlrzzlv,-0.0735,1.0
sw_cwbb_jzcszlv,0.0114,2.0
sw_cwbb_mlrzzlv,-0.0352,1.0
sw_cwbb_sszb,80000000,10.0
sw_cwbb_yyzjzzts,,4.0
sw_cwbb_zcfzl,0.6856,5.0
sw_jcxx_clnx,4.19,3.0
sw_jcxx_nsrxypj,B,5.0
sw_sb_lsxs_12m,64.565,2.0
sw_sb_nsze_zzsqysds_12m,237716.36,2.0
sw_sb_nszezzl_zzsqysds_12m_a,2.0274,10.0
sw_sb_qbxse_12m,30927590.69,1.0
sw_sb_qbxsezzl_12m,-0.196,2.0
sw_sbzs_sflhypld_12m,-0.4476,9.0
sw_sdsnb_cyrs,,1.0
sw_sdsnb_gzxjzzjezzl,-0.0509,2.0
sw_sdsnb_yjfy,7929423.88,7.0
zx_dsfsxqk,3,6.0
zx_yhsxqk,1,8.0
