,0,1
apply_time,2023-12-14 02:31:35,
fp_jx_lxfy_12m,,
fp_jx_zyjyjezb_12m_lh,,2.0
fp_jy_sychje_zb_12m_lh,,2.0
fp_xx_xychje_zb_12m_lh,,2.0
fp_xx_zyjyjezb_12m_lh,,3.0
gs_frwdx,3,5.0
gs_gdct,1,3.0
gs_gdwdx,4,8.0
lh_cylwz,1,10.0
lh_lxfybqbxse_12m,,4.0
lh_md_ppjzl,0,2.0
lh_qylx,1,
md_qybq,0,2.0
nsrsbh,91440300342723874D,
order_no,e503e574-8de9-40e2-ae06-00f21f9744e9,
sf_fh_ssqk_qy,4,10.0
sw_cwbb_chzzts_cb,21.4514,10.0
sw_cwbb_jlrzzlv,-4.8433,1.0
sw_cwbb_jzcszlv,-0.05,1.0
sw_cwbb_mlrzzlv,-0.1098,1.0
sw_cwbb_sszb,8463000,3.0
sw_cwbb_yyzjzzts,,4.0
sw_cwbb_zcfzl,0.4013,10.0
sw_jcxx_clnx,8.27,5.0
sw_jcxx_nsrxypj,B,5.0
sw_sb_lsxs_12m,133.6872,2.0
sw_sb_nsze_zzsqysds_12m,14871.04,2.0
sw_sb_nszezzl_zzsqysds_12m_a,-0.8406,2.0
sw_sb_qbxse_12m,317924.52,1.0
sw_sb_qbxsezzl_12m,-0.9818,1.0
sw_sbzs_sflhypld_12m,1.5347,7.0
sw_sdsnb_cyrs,,1.0
sw_sdsnb_gzxjzzjezzl,0.0396,2.0
sw_sdsnb_yjfy,1122979.1,5.0
zx_dsfsxqk,3,6.0
zx_yhsxqk,1,8.0
