,0,1
apply_time,2023-12-14 02:31:35,
fp_jx_lxfy_12m,,
fp_jx_zyjyjezb_12m_lh,,2.0
fp_jy_sychje_zb_12m_lh,0.4238,6.0
fp_xx_xychje_zb_12m_lh,0.6468,8.0
fp_xx_zyjyjezb_12m_lh,0.1203,9.0
gs_frwdx,4,8.0
gs_gdct,1,3.0
gs_gdwdx,4,8.0
lh_cylwz,5,5.0
lh_lxfybqbxse_12m,,4.0
lh_md_ppjzl,0,2.0
lh_qylx,2,
md_qybq,0,2.0
nsrsbh,91110108327286477T,
order_no,20fbdf9d-a46c-4c9d-9a1d-0576a6522694,
sf_fh_ssqk_qy,4,10.0
sw_cwbb_chzzts_cb,8.5172,10.0
sw_cwbb_jlrzzlv,-0.9068,1.0
sw_cwbb_jzcszlv,0.0562,2.0
sw_cwbb_mlrzzlv,0.2108,5.0
sw_cwbb_sszb,1000000,1.0
sw_cwbb_yyzjzzts,,4.0
sw_cwbb_zcfzl,0.8921,1.0
sw_jcxx_clnx,8.41,5.0
sw_jcxx_nsrxypj,A,9.0
sw_sb_lsxs_12m,33.4993,2.0
sw_sb_nsze_zzsqysds_12m,1259807.88,4.0
sw_sb_nszezzl_zzsqysds_12m_a,-0.3298,2.0
sw_sb_qbxse_12m,135278778.77,5.0
sw_sb_qbxsezzl_12m,-0.2857,1.0
sw_sbzs_sflhypld_12m,-0.4909,9.0
sw_sdsnb_cyrs,,1.0
sw_sdsnb_gzxjzzjezzl,0.6408,9.0
sw_sdsnb_yjfy,9741650.14,7.0
zx_dsfsxqk,1,9.0
zx_yhsxqk,1,8.0
