,0,1
apply_time,2023-12-14 02:31:21,
fp_jx_lxfy_12m,,
fp_jx_zyjyjezb_12m_lh,,2.0
fp_jy_sychje_zb_12m_lh,0.5104,8.0
fp_xx_xychje_zb_12m_lh,,2.0
fp_xx_zyjyjezb_12m_lh,,3.0
gs_frwdx,4,8.0
gs_gdct,1,3.0
gs_gdwdx,3,6.0
lh_cylwz,1,10.0
lh_lxfybqbxse_12m,,4.0
lh_md_ppjzl,0,2.0
lh_qylx,1,
md_qybq,0,2.0
nsrsbh,91440300088298699C,
order_no,7fed229a-fb3b-41bd-b112-08cb0e54082f,
sf_fh_ssqk_qy,4,10.0
sw_cwbb_chzzts_cb,1.096,10.0
sw_cwbb_jlrzzlv,-0.6984,1.0
sw_cwbb_jzcszlv,0.0942,2.0
sw_cwbb_mlrzzlv,-0.4264,1.0
sw_cwbb_sszb,30000000,5.0
sw_cwbb_yyzjzzts,,4.0
sw_cwbb_zcfzl,0.5553,7.0
sw_jcxx_clnx,9.12,5.0
sw_jcxx_nsrxypj,B,5.0
sw_sb_lsxs_12m,20.8092,2.0
sw_sb_nsze_zzsqysds_12m,236816.37,2.0
sw_sb_nszezzl_zzsqysds_12m_a,-0.715,2.0
sw_sb_qbxse_12m,351580411.89,7.0
sw_sb_qbxsezzl_12m,-0.4839,1.0
sw_sbzs_sflhypld_12m,-1,4.0
sw_sdsnb_cyrs,,1.0
sw_sdsnb_gzxjzzjezzl,0.5668,9.0
sw_sdsnb_yjfy,33013760.11,9.0
zx_dsfsxqk,1,9.0
zx_yhsxqk,1,8.0
