,0,1
apply_time,2023-12-14 02:31:36,
fp_jx_lxfy_12m,,
fp_jx_zyjyjezb_12m_lh,,2.0
fp_jy_sychje_zb_12m_lh,0.8303,10.0
fp_xx_xychje_zb_12m_lh,0.6991,8.0
fp_xx_zyjyjezb_12m_lh,,3.0
gs_frwdx,2,4.0
gs_gdct,1,3.0
gs_gdwdx,3,6.0
lh_cylwz,4,6.0
lh_lxfybqbxse_12m,,4.0
lh_md_ppjzl,0,2.0
lh_qylx,1,
md_qybq,0,2.0
nsrsbh,914403005586547402,
order_no,7561a446-4138-4d4e-a356-fe5f584c204c,
sf_fh_ssqk_qy,4,10.0
sw_cwbb_chzzts_cb,106.3086,1.0
sw_cwbb_jlrzzlv,-17.698,1.0
sw_cwbb_jzcszlv,-1.1499,1.0
sw_cwbb_mlrzzlv,-0.6247,1.0
sw_cwbb_sszb,4825000,3.0
sw_cwbb_yyzjzzts,,4.0
sw_cwbb_zcfzl,0.9472,1.0
sw_jcxx_clnx,13.02,7.0
sw_jcxx_nsrxypj,A,9.0
sw_sb_lsxs_12m,24.5469,2.0
sw_sb_nsze_zzsqysds_12m,268795.43,2.0
sw_sb_nszezzl_zzsqysds_12m_a,99999999,10.0
sw_sb_qbxse_12m,192088195.53,5.0
sw_sb_qbxsezzl_12m,-0.075,2.0
sw_sbzs_sflhypld_12m,-0.9829,4.0
sw_sdsnb_cyrs,,1.0
sw_sdsnb_gzxjzzjezzl,-0.3267,2.0
sw_sdsnb_yjfy,13582818.5,9.0
zx_dsfsxqk,0,2.0
zx_yhsxqk,0,2.0
