,0,1
apply_time,2023-12-14 02:31:36,
fp_jx_lxfy_12m,,
fp_jx_zyjyjezb_12m_lh,,2.0
fp_jy_sychje_zb_12m_lh,0.5593,8.0
fp_xx_xychje_zb_12m_lh,0.7606,10.0
fp_xx_zyjyjezb_12m_lh,,3.0
gs_frwdx,2,4.0
gs_gdct,1,3.0
gs_gdwdx,4,8.0
lh_cylwz,4,6.0
lh_lxfybqbxse_12m,,4.0
lh_md_ppjzl,0,2.0
lh_qylx,1,
md_qybq,0,2.0
nsrsbh,91360402MA38MBJA25,
order_no,a853a68b-fba8-460f-a5d2-5ec45dff6b07,
sf_fh_ssqk_qy,4,10.0
sw_cwbb_chzzts_cb,126.5647,1.0
sw_cwbb_jlrzzlv,-1.6714,1.0
sw_cwbb_jzcszlv,-0.2927,1.0
sw_cwbb_mlrzzlv,-1.0143,1.0
sw_cwbb_sszb,10000000,3.0
sw_cwbb_yyzjzzts,,4.0
sw_cwbb_zcfzl,0.7081,3.0
sw_jcxx_clnx,4.11,3.0
sw_jcxx_nsrxypj,B,5.0
sw_sb_lsxs_12m,32.9033,2.0
sw_sb_nsze_zzsqysds_12m,219085.78,2.0
sw_sb_nszezzl_zzsqysds_12m_a,-0.9557,2.0
sw_sb_qbxse_12m,125801727.55,5.0
sw_sb_qbxsezzl_12m,-0.5256,1.0
sw_sbzs_sflhypld_12m,-1,4.0
sw_sdsnb_cyrs,,1.0
sw_sdsnb_gzxjzzjezzl,-0.8274,2.0
sw_sdsnb_yjfy,4719577.73,5.0
zx_dsfsxqk,0,2.0
zx_yhsxqk,0,2.0
