,0,1
apply_time,2023-12-14 02:31:37,
fp_jx_lxfy_12m,,
fp_jx_zyjyjezb_12m_lh,,2.0
fp_jy_sychje_zb_12m_lh,1.2867,10.0
fp_xx_xychje_zb_12m_lh,1.0994,10.0
fp_xx_zyjyjezb_12m_lh,,3.0
gs_frwdx,3,5.0
gs_gdct,1,3.0
gs_gdwdx,3,6.0
lh_cylwz,0,3.0
lh_lxfybqbxse_12m,,4.0
lh_md_ppjzl,0,2.0
lh_qylx,2,
md_qybq,0,2.0
nsrsbh,91440300094336313F,
order_no,5aba73f8-2d52-451c-9aed-3d655849a393,
sf_fh_ssqk_qy,4,10.0
sw_cwbb_chzzts_cb,22.9698,10.0
sw_cwbb_jlrzzlv,4.225,9.0
sw_cwbb_jzcszlv,0.2194,10.0
sw_cwbb_mlrzzlv,3.7237,9.0
sw_cwbb_sszb,20000000,5.0
sw_cwbb_yyzjzzts,,4.0
sw_cwbb_zcfzl,0.6641,5.0
sw_jcxx_clnx,9.23,5.0
sw_jcxx_nsrxypj,B,5.0
sw_sb_lsxs_12m,44.0651,2.0
sw_sb_nsze_zzsqysds_12m,236592.65,2.0
sw_sb_nszezzl_zzsqysds_12m_a,-0.8485,2.0
sw_sb_qbxse_12m,206050400.1,5.0
sw_sb_qbxsezzl_12m,0.0363,5.0
sw_sbzs_sflhypld_12m,-0.9373,4.0
sw_sdsnb_cyrs,,1.0
sw_sdsnb_gzxjzzjezzl,-0.2494,2.0
sw_sdsnb_yjfy,12775489.07,9.0
zx_dsfsxqk,0,2.0
zx_yhsxqk,0,2.0
