,0,1
apply_time,2023-12-14 02:31:37,
fp_jx_lxfy_12m,,
fp_jx_zyjyjezb_12m_lh,,2.0
fp_jy_sychje_zb_12m_lh,,2.0
fp_xx_xychje_zb_12m_lh,,2.0
fp_xx_zyjyjezb_12m_lh,,3.0
gs_frwdx,4,8.0
gs_gdct,0,3.0
gs_gdwdx,0,4.0
lh_cylwz,0,3.0
lh_lxfybqbxse_12m,,4.0
lh_md_ppjzl,0,2.0
lh_qylx,2,
md_qybq,0,2.0
nsrsbh,91340207MA2MU4UR74,
order_no,8eeaf347-2c16-43ba-a00a-e24e116d81bc,
sf_fh_ssqk_qy,4,10.0
sw_cwbb_chzzts_cb,10.3811,10.0
sw_cwbb_jlrzzlv,0.3778,7.0
sw_cwbb_jzcszlv,0.0579,2.0
sw_cwbb_mlrzzlv,0.6364,9.0
sw_cwbb_sszb,48738997.21,7.0
sw_cwbb_yyzjzzts,,4.0
sw_cwbb_zcfzl,0.4947,10.0
sw_jcxx_clnx,7.29,5.0
sw_jcxx_nsrxypj,A,9.0
sw_sb_lsxs_12m,30.5627,2.0
sw_sb_nsze_zzsqysds_12m,3581390.15,6.0
sw_sb_nszezzl_zzsqysds_12m_a,0.6402,10.0
sw_sb_qbxse_12m,1297371552.6,10.0
sw_sb_qbxsezzl_12m,0.2555,6.0
sw_sbzs_sflhypld_12m,-0.9841,4.0
sw_sdsnb_cyrs,,1.0
sw_sdsnb_gzxjzzjezzl,0.1872,9.0
sw_sdsnb_yjfy,0,2.0
zx_dsfsxqk,0,2.0
zx_yhsxqk,0,2.0
