,0,1
apply_time,2023-12-14 02:31:37,
fp_jx_lxfy_12m,,
fp_jx_zyjyjezb_12m_lh,,2.0
fp_jy_sychje_zb_12m_lh,0.5318,8.0
fp_xx_xychje_zb_12m_lh,,2.0
fp_xx_zyjyjezb_12m_lh,,3.0
gs_frwdx,4,8.0
gs_gdct,1,3.0
gs_gdwdx,4,8.0
lh_cylwz,2,8.0
lh_lxfybqbxse_12m,,4.0
lh_md_ppjzl,0,2.0
lh_qylx,2,
md_qybq,0,2.0
nsrsbh,91330183MA2KH4P797,
order_no,537e3f04-d3d2-4a8e-a861-ad0e8c978644,
sf_fh_ssqk_qy,4,10.0
sw_cwbb_chzzts_cb,252.8226,1.0
sw_cwbb_jlrzzlv,-3.435,1.0
sw_cwbb_jzcszlv,-0.0432,1.0
sw_cwbb_mlrzzlv,0.1024,3.0
sw_cwbb_sszb,18600954,5.0
sw_cwbb_yyzjzzts,,4.0
sw_cwbb_zcfzl,0.5018,7.0
sw_jcxx_clnx,2.13,1.0
sw_jcxx_nsrxypj,B,5.0
sw_sb_lsxs_12m,130.2205,2.0
sw_sb_nsze_zzsqysds_12m,49303.85,2.0
sw_sb_nszezzl_zzsqysds_12m_a,-0.8978,2.0
sw_sb_qbxse_12m,76974566.26,3.0
sw_sb_qbxsezzl_12m,0.0951,5.0
sw_sbzs_sflhypld_12m,-0.9675,4.0
sw_sdsnb_cyrs,,1.0
sw_sdsnb_gzxjzzjezzl,3.0849,9.0
sw_sdsnb_yjfy,9175113.21,7.0
zx_dsfsxqk,0,2.0
zx_yhsxqk,0,2.0
