,0,1
apply_time,2023-12-14 02:31:37,
fp_jx_lxfy_12m,,
fp_jx_zyjyjezb_12m_lh,,2.0
fp_jy_sychje_zb_12m_lh,,2.0
fp_xx_xychje_zb_12m_lh,,2.0
fp_xx_zyjyjezb_12m_lh,,3.0
gs_frwdx,4,8.0
gs_gdct,0,3.0
gs_gdwdx,4,8.0
lh_cylwz,1,10.0
lh_lxfybqbxse_12m,,4.0
lh_md_ppjzl,0,2.0
lh_qylx,1,
md_qybq,0,2.0
nsrsbh,91440300MA5HNY376A,
order_no,f34bd2e4-14a8-4562-b1e8-bf338d05e2c9,
sf_fh_ssqk_qy,4,10.0
sw_cwbb_chzzts_cb,,5.0
sw_cwbb_jlrzzlv,,1.0
sw_cwbb_jzcszlv,,1.0
sw_cwbb_mlrzzlv,,1.0
sw_cwbb_sszb,3000000,1.0
sw_cwbb_yyzjzzts,,4.0
sw_cwbb_zcfzl,,3.0
sw_jcxx_clnx,0.44,1.0
sw_jcxx_nsrxypj,,1.0
sw_sb_lsxs_12m,169.8868,2.0
sw_sb_nsze_zzsqysds_12m,14638.55,2.0
sw_sb_nszezzl_zzsqysds_12m_a,99999999,10.0
sw_sb_qbxse_12m,22903877.9,1.0
sw_sb_qbxsezzl_12m,,1.0
sw_sbzs_sflhypld_12m,-1,4.0
sw_sdsnb_cyrs,,1.0
sw_sdsnb_gzxjzzjezzl,,2.0
sw_sdsnb_yjfy,,2.0
zx_dsfsxqk,0,2.0
zx_yhsxqk,0,2.0
