,0,1
apply_time,2023-12-14 02:31:38,
fp_jx_lxfy_12m,,
fp_jx_zyjyjezb_12m_lh,,2.0
fp_jy_sychje_zb_12m_lh,1.7027,10.0
fp_xx_xychje_zb_12m_lh,1.3332,10.0
fp_xx_zyjyjezb_12m_lh,0.0496,3.0
gs_frwdx,4,8.0
gs_gdct,0,3.0
gs_gdwdx,4,8.0
lh_cylwz,0,3.0
lh_lxfybqbxse_12m,,4.0
lh_md_ppjzl,0,2.0
lh_qylx,2,
md_qybq,0,2.0
nsrsbh,91440300MA5F5TF1XR,
order_no,d4ad6a40-68c0-40ed-87a1-4dffef372acd,
sf_fh_ssqk_qy,4,10.0
sw_cwbb_chzzts_cb,15.3909,10.0
sw_cwbb_jlrzzlv,5.459,9.0
sw_cwbb_jzcszlv,0.3745,10.0
sw_cwbb_mlrzzlv,9.4321,9.0
sw_cwbb_sszb,0,0.0
sw_cwbb_yyzjzzts,,4.0
sw_cwbb_zcfzl,0.3513,10.0
sw_jcxx_clnx,5.3,3.0
sw_jcxx_nsrxypj,B,5.0
sw_sb_lsxs_12m,34.444,2.0
sw_sb_nsze_zzsqysds_12m,115615.62,2.0
sw_sb_nszezzl_zzsqysds_12m_a,5.2722,10.0
sw_sb_qbxse_12m,122310643.51,5.0
sw_sb_qbxsezzl_12m,1.0603,9.0
sw_sbzs_sflhypld_12m,-0.8888,4.0
sw_sdsnb_cyrs,,1.0
sw_sdsnb_gzxjzzjezzl,9.7826,9.0
sw_sdsnb_yjfy,0,2.0
zx_dsfsxqk,0,2.0
zx_yhsxqk,0,2.0
