,0,1
apply_time,2023-12-14 02:31:38,
fp_jx_lxfy_12m,,
fp_jx_zyjyjezb_12m_lh,0.0443,2.0
fp_jy_sychje_zb_12m_lh,0.6209,8.0
fp_xx_xychje_zb_12m_lh,0.7479,10.0
fp_xx_zyjyjezb_12m_lh,,3.0
gs_frwdx,4,8.0
gs_gdct,0,3.0
gs_gdwdx,4,8.0
lh_cylwz,4,6.0
lh_lxfybqbxse_12m,,4.0
lh_md_ppjzl,0,2.0
lh_qylx,1,
md_qybq,0,2.0
nsrsbh,91500112MA5U40QP5W,
order_no,1011c38b-f072-4ebf-b80e-2c94fa3f3601,
sf_fh_ssqk_qy,4,10.0
sw_cwbb_chzzts_cb,72.3302,3.0
sw_cwbb_jlrzzlv,0.7048,9.0
sw_cwbb_jzcszlv,0.0185,2.0
sw_cwbb_mlrzzlv,4.8841,9.0
sw_cwbb_sszb,,1.0
sw_cwbb_yyzjzzts,,4.0
sw_cwbb_zcfzl,0.5114,7.0
sw_jcxx_clnx,7.73,5.0
sw_jcxx_nsrxypj,A,9.0
sw_sb_lsxs_12m,30.4733,2.0
sw_sb_nsze_zzsqysds_12m,30343824.08,10.0
sw_sb_nszezzl_zzsqysds_12m_a,-0.146,2.0
sw_sb_qbxse_12m,1108755901.75,10.0
sw_sb_qbxsezzl_12m,-0.2182,1.0
sw_sbzs_sflhypld_12m,0.5629,7.0
sw_sdsnb_cyrs,,1.0
sw_sdsnb_gzxjzzjezzl,0.0341,2.0
sw_sdsnb_yjfy,50428054.93,9.0
zx_dsfsxqk,0,2.0
zx_yhsxqk,0,2.0
