,0,1
apply_time,2023-12-14 02:31:38,
fp_jx_lxfy_12m,,
fp_jx_zyjyjezb_12m_lh,,2.0
fp_jy_sychje_zb_12m_lh,,2.0
fp_xx_xychje_zb_12m_lh,0.4139,6.0
fp_xx_zyjyjezb_12m_lh,,3.0
gs_frwdx,2,4.0
gs_gdct,0,3.0
gs_gdwdx,3,6.0
lh_cylwz,0,3.0
lh_lxfybqbxse_12m,,4.0
lh_md_ppjzl,0,2.0
lh_qylx,2,
md_qybq,0,2.0
nsrsbh,91440300MA5DJ3H835,
order_no,b670c1a1-1fe2-4c5b-b6f1-dcf34c6adc5c,
sf_fh_ssqk_qy,4,10.0
sw_cwbb_chzzts_cb,,5.0
sw_cwbb_jlrzzlv,3.4387,9.0
sw_cwbb_jzcszlv,,1.0
sw_cwbb_mlrzzlv,11.2008,9.0
sw_cwbb_sszb,,1.0
sw_cwbb_yyzjzzts,,4.0
sw_cwbb_zcfzl,0.5185,7.0
sw_jcxx_clnx,7.11,5.0
sw_jcxx_nsrxypj,A,9.0
sw_sb_lsxs_12m,38.8206,2.0
sw_sb_nsze_zzsqysds_12m,216263.07,2.0
sw_sb_nszezzl_zzsqysds_12m_a,-0.6903,2.0
sw_sb_qbxse_12m,149452808.29,5.0
sw_sb_qbxsezzl_12m,-0.2369,1.0
sw_sbzs_sflhypld_12m,-0.6235,4.0
sw_sdsnb_cyrs,,1.0
sw_sdsnb_gzxjzzjezzl,,2.0
sw_sdsnb_yjfy,17049570.78,9.0
zx_dsfsxqk,0,2.0
zx_yhsxqk,0,2.0
