,0,1
apply_time,2023-12-14 02:31:38,
fp_jx_lxfy_12m,,
fp_jx_zyjyjezb_12m_lh,,2.0
fp_jy_sychje_zb_12m_lh,1.4955,10.0
fp_xx_xychje_zb_12m_lh,1.0752,10.0
fp_xx_zyjyjezb_12m_lh,,3.0
gs_frwdx,4,8.0
gs_gdct,0,3.0
gs_gdwdx,3,6.0
lh_cylwz,1,10.0
lh_lxfybqbxse_12m,,4.0
lh_md_ppjzl,0,2.0
lh_qylx,2,
md_qybq,0,2.0
nsrsbh,914403000758070609,
order_no,6f8ee152-c11c-489c-a65d-ae18cbeb713c,
sf_fh_ssqk_qy,4,10.0
sw_cwbb_chzzts_cb,35.9769,7.0
sw_cwbb_jlrzzlv,-0.1823,1.0
sw_cwbb_jzcszlv,0.3804,10.0
sw_cwbb_mlrzzlv,0.083,3.0
sw_cwbb_sszb,8698202,3.0
sw_cwbb_yyzjzzts,,4.0
sw_cwbb_zcfzl,0.6994,5.0
sw_jcxx_clnx,10.14,7.0
sw_jcxx_nsrxypj,A,9.0
sw_sb_lsxs_12m,42.0686,2.0
sw_sb_nsze_zzsqysds_12m,3396830.38,6.0
sw_sb_nszezzl_zzsqysds_12m_a,-0.047,2.0
sw_sb_qbxse_12m,203826100.11,5.0
sw_sb_qbxsezzl_12m,0.1605,5.0
sw_sbzs_sflhypld_12m,-0.0955,9.0
sw_sdsnb_cyrs,,1.0
sw_sdsnb_gzxjzzjezzl,0.0436,2.0
sw_sdsnb_yjfy,14183932.05,9.0
zx_dsfsxqk,0,2.0
zx_yhsxqk,0,2.0
