,0,1
apply_time,2023-12-14 02:31:38,
fp_jx_lxfy_12m,,
fp_jx_zyjyjezb_12m_lh,0.0862,2.0
fp_jy_sychje_zb_12m_lh,2.3694,10.0
fp_xx_xychje_zb_12m_lh,1.724,10.0
fp_xx_zyjyjezb_12m_lh,,3.0
gs_frwdx,4,8.0
gs_gdct,1,3.0
gs_gdwdx,4,8.0
lh_cylwz,5,5.0
lh_lxfybqbxse_12m,,4.0
lh_md_ppjzl,0,2.0
lh_qylx,2,
md_qybq,0,2.0
nsrsbh,91440300MA5GCXBE05,
order_no,78fce428-e8bb-413d-abd9-95abc0a9162d,
sf_fh_ssqk_qy,4,10.0
sw_cwbb_chzzts_cb,100.6924,1.0
sw_cwbb_jlrzzlv,-0.308,1.0
sw_cwbb_jzcszlv,0.2328,10.0
sw_cwbb_mlrzzlv,0.7603,9.0
sw_cwbb_sszb,1509500.85,1.0
sw_cwbb_yyzjzzts,,4.0
sw_cwbb_zcfzl,0.5776,7.0
sw_jcxx_clnx,2.75,1.0
sw_jcxx_nsrxypj,B,5.0
sw_sb_lsxs_12m,111.1793,2.0
sw_sb_nsze_zzsqysds_12m,141372.24,2.0
sw_sb_nszezzl_zzsqysds_12m_a,1.5167,10.0
sw_sb_qbxse_12m,25352434.76,1.0
sw_sb_qbxsezzl_12m,0.6087,9.0
sw_sbzs_sflhypld_12m,-0.7184,4.0
sw_sdsnb_cyrs,,1.0
sw_sdsnb_gzxjzzjezzl,8.2747,9.0
sw_sdsnb_yjfy,0,2.0
zx_dsfsxqk,0,2.0
zx_yhsxqk,0,2.0
