,0,1
apply_time,2023-12-14 02:31:38,
fp_jx_lxfy_12m,,
fp_jx_zyjyjezb_12m_lh,,2.0
fp_jy_sychje_zb_12m_lh,0.1701,4.0
fp_xx_xychje_zb_12m_lh,1.3041,10.0
fp_xx_zyjyjezb_12m_lh,,3.0
gs_frwdx,4,8.0
gs_gdct,1,3.0
gs_gdwdx,3,6.0
lh_cylwz,4,6.0
lh_lxfybqbxse_12m,,4.0
lh_md_ppjzl,0,2.0
lh_qylx,1,
md_qybq,0,2.0
nsrsbh,91440300MA5F1NW95M,
order_no,9550c78d-f69c-4b3c-b08f-3be859a2e584,
sf_fh_ssqk_qy,4,10.0
sw_cwbb_chzzts_cb,67.9626,3.0
sw_cwbb_jlrzzlv,-5.1874,1.0
sw_cwbb_jzcszlv,-1.1425,1.0
sw_cwbb_mlrzzlv,0.5819,9.0
sw_cwbb_sszb,4530000,3.0
sw_cwbb_yyzjzzts,,4.0
sw_cwbb_zcfzl,0.9972,1.0
sw_jcxx_clnx,5.23,3.0
sw_jcxx_nsrxypj,B,5.0
sw_sb_lsxs_12m,35.9017,2.0
sw_sb_nsze_zzsqysds_12m,606460.3,2.0
sw_sb_nszezzl_zzsqysds_12m_a,0.6693,10.0
sw_sb_qbxse_12m,123218074.94,5.0
sw_sb_qbxsezzl_12m,0.8057,9.0
sw_sbzs_sflhypld_12m,-0.7604,4.0
sw_sdsnb_cyrs,,1.0
sw_sdsnb_gzxjzzjezzl,1.2155,9.0
sw_sdsnb_yjfy,0,2.0
zx_dsfsxqk,0,2.0
zx_yhsxqk,0,2.0
