,0,1
apply_time,2023-12-14 02:31:21,
fp_jx_lxfy_12m,,
fp_jx_zyjyjezb_12m_lh,0.013,2.0
fp_jy_sychje_zb_12m_lh,0.6353,8.0
fp_xx_xychje_zb_12m_lh,1.1421,10.0
fp_xx_zyjyjezb_12m_lh,,3.0
gs_frwdx,4,8.0
gs_gdct,1,3.0
gs_gdwdx,4,8.0
lh_cylwz,1,10.0
lh_lxfybqbxse_12m,,4.0
lh_md_ppjzl,0,2.0
lh_qylx,1,
md_qybq,0,2.0
nsrsbh,9144030079172256X3,
order_no,746ee60b-2899-422c-904d-e0651999d63e,
sf_fh_ssqk_qy,4,10.0
sw_cwbb_chzzts_cb,98.9992,1.0
sw_cwbb_jlrzzlv,-1.2411,1.0
sw_cwbb_jzcszlv,-0.0273,1.0
sw_cwbb_mlrzzlv,-0.2282,1.0
sw_cwbb_sszb,41380000,7.0
sw_cwbb_yyzjzzts,,4.0
sw_cwbb_zcfzl,0.5667,7.0
sw_jcxx_clnx,16.96,10.0
sw_jcxx_nsrxypj,A,9.0
sw_sb_lsxs_12m,26.0596,2.0
sw_sb_nsze_zzsqysds_12m,1463925.95,4.0
sw_sb_nszezzl_zzsqysds_12m_a,-0.5127,2.0
sw_sb_qbxse_12m,217807864.53,5.0
sw_sb_qbxsezzl_12m,-0.056,2.0
sw_sbzs_sflhypld_12m,-0.635,4.0
sw_sdsnb_cyrs,,1.0
sw_sdsnb_gzxjzzjezzl,-0.2571,2.0
sw_sdsnb_yjfy,12903916.21,9.0
zx_dsfsxqk,1,9.0
zx_yhsxqk,1,8.0
