,0,1
apply_time,2023-12-14 02:31:38,
fp_jx_lxfy_12m,,
fp_jx_zyjyjezb_12m_lh,,2.0
fp_jy_sychje_zb_12m_lh,2.713,10.0
fp_xx_xychje_zb_12m_lh,,2.0
fp_xx_zyjyjezb_12m_lh,,3.0
gs_frwdx,2,4.0
gs_gdct,1,3.0
gs_gdwdx,4,8.0
lh_cylwz,0,3.0
lh_lxfybqbxse_12m,,4.0
lh_md_ppjzl,0,2.0
lh_qylx,2,
md_qybq,0,2.0
nsrsbh,91440300MA5GK174XR,
order_no,80782e4b-8eae-409d-a9e6-fdba2a6e7ae6,
sf_fh_ssqk_qy,4,10.0
sw_cwbb_chzzts_cb,0.5372,10.0
sw_cwbb_jlrzzlv,-2.0078,1.0
sw_cwbb_jzcszlv,2.3244,8.0
sw_cwbb_mlrzzlv,20.3624,9.0
sw_cwbb_sszb,0,0.0
sw_cwbb_yyzjzzts,,4.0
sw_cwbb_zcfzl,0.6659,5.0
sw_jcxx_clnx,2.49,1.0
sw_jcxx_nsrxypj,B,5.0
sw_sb_lsxs_12m,43.7912,2.0
sw_sb_nsze_zzsqysds_12m,92.77,2.0
sw_sb_nszezzl_zzsqysds_12m_a,-0.9871,2.0
sw_sb_qbxse_12m,88689140.1,3.0
sw_sb_qbxsezzl_12m,17.0351,9.0
sw_sbzs_sflhypld_12m,-0.7617,4.0
sw_sdsnb_cyrs,,1.0
sw_sdsnb_gzxjzzjezzl,0.5417,9.0
sw_sdsnb_yjfy,0,2.0
zx_dsfsxqk,0,2.0
zx_yhsxqk,0,2.0
