,0,1
apply_time,2023-12-14 02:31:39,
fp_jx_lxfy_12m,,
fp_jx_zyjyjezb_12m_lh,,2.0
fp_jy_sychje_zb_12m_lh,1.6945,10.0
fp_xx_xychje_zb_12m_lh,1.3908,10.0
fp_xx_zyjyjezb_12m_lh,0.0841,3.0
gs_frwdx,4,8.0
gs_gdct,1,3.0
gs_gdwdx,4,8.0
lh_cylwz,4,6.0
lh_lxfybqbxse_12m,,4.0
lh_md_ppjzl,3,5.0
lh_qylx,1,
md_qybq,0,2.0
nsrsbh,91440300398508006X,
order_no,d8945e61-5400-4471-a7a8-94111afe04e8,
sf_fh_ssqk_qy,4,10.0
sw_cwbb_chzzts_cb,59.623,5.0
sw_cwbb_jlrzzlv,0.7558,9.0
sw_cwbb_jzcszlv,0.2659,10.0
sw_cwbb_mlrzzlv,0.2009,5.0
sw_cwbb_sszb,28210710.53,5.0
sw_cwbb_yyzjzzts,,4.0
sw_cwbb_zcfzl,0.66,5.0
sw_jcxx_clnx,8.99,5.0
sw_jcxx_nsrxypj,A,9.0
sw_sb_lsxs_12m,23.6471,2.0
sw_sb_nsze_zzsqysds_12m,0,2.0
sw_sb_nszezzl_zzsqysds_12m_a,-1,2.0
sw_sb_qbxse_12m,453558259.34,7.0
sw_sb_qbxsezzl_12m,0.429,6.0
sw_sbzs_sflhypld_12m,-1,4.0
sw_sdsnb_cyrs,,1.0
sw_sdsnb_gzxjzzjezzl,0.0424,2.0
sw_sdsnb_yjfy,13796957.47,9.0
zx_dsfsxqk,0,2.0
zx_yhsxqk,0,2.0
