,0,1
apply_time,2023-12-14 02:31:39,
fp_jx_lxfy_12m,34450,
fp_jx_zyjyjezb_12m_lh,,2.0
fp_jy_sychje_zb_12m_lh,,2.0
fp_xx_xychje_zb_12m_lh,0.8699,10.0
fp_xx_zyjyjezb_12m_lh,,3.0
gs_frwdx,2,4.0
gs_gdct,0,3.0
gs_gdwdx,1,2.0
lh_cylwz,0,3.0
lh_lxfybqbxse_12m,,4.0
lh_md_ppjzl,0,2.0
lh_qylx,2,
md_qybq,0,2.0
nsrsbh,91440106347403386C,
order_no,d0865c28-eae5-4183-bc35-8d2c3b69ea16,
sf_fh_ssqk_qy,4,10.0
sw_cwbb_chzzts_cb,154.825,1.0
sw_cwbb_jlrzzlv,1.9788,9.0
sw_cwbb_jzcszlv,0.0512,2.0
sw_cwbb_mlrzzlv,0.0382,3.0
sw_cwbb_sszb,29013652,5.0
sw_cwbb_yyzjzzts,,4.0
sw_cwbb_zcfzl,0.7401,3.0
sw_jcxx_clnx,8.02,5.0
sw_jcxx_nsrxypj,B,5.0
sw_sb_lsxs_12m,78.4046,2.0
sw_sb_nsze_zzsqysds_12m,10954.77,2.0
sw_sb_nszezzl_zzsqysds_12m_a,-0.9808,2.0
sw_sb_qbxse_12m,79349491.46,3.0
sw_sb_qbxsezzl_12m,-0.1302,2.0
sw_sbzs_sflhypld_12m,-0.9892,4.0
sw_sdsnb_cyrs,,1.0
sw_sdsnb_gzxjzzjezzl,-0.6229,2.0
sw_sdsnb_yjfy,3751072.08,5.0
zx_dsfsxqk,0,2.0
zx_yhsxqk,0,2.0
