,0,1
apply_time,2023-12-14 02:31:39,
fp_jx_lxfy_12m,,
fp_jx_zyjyjezb_12m_lh,,2.0
fp_jy_sychje_zb_12m_lh,2.7144,10.0
fp_xx_xychje_zb_12m_lh,1.3571,10.0
fp_xx_zyjyjezb_12m_lh,,3.0
gs_frwdx,2,4.0
gs_gdct,0,3.0
gs_gdwdx,1,2.0
lh_cylwz,0,3.0
lh_lxfybqbxse_12m,,4.0
lh_md_ppjzl,0,2.0
lh_qylx,2,
md_qybq,0,2.0
nsrsbh,91440101MA59N12D19,
order_no,f83e7022-98e3-4cae-842d-c38f803fdf2a,
sf_fh_ssqk_qy,4,10.0
sw_cwbb_chzzts_cb,34.0317,7.0
sw_cwbb_jlrzzlv,-2.1621,1.0
sw_cwbb_jzcszlv,-2.1774,1.0
sw_cwbb_mlrzzlv,119.1534,9.0
sw_cwbb_sszb,0,0.0
sw_cwbb_yyzjzzts,,4.0
sw_cwbb_zcfzl,0.9952,1.0
sw_jcxx_clnx,6.14,5.0
sw_jcxx_nsrxypj,B,5.0
sw_sb_lsxs_12m,79.9079,2.0
sw_sb_nsze_zzsqysds_12m,95085.37,2.0
sw_sb_nszezzl_zzsqysds_12m_a,47.718,10.0
sw_sb_qbxse_12m,56685841.51,3.0
sw_sb_qbxsezzl_12m,1.2112,9.0
sw_sbzs_sflhypld_12m,-0.9682,4.0
sw_sdsnb_cyrs,,1.0
sw_sdsnb_gzxjzzjezzl,4.3584,9.0
sw_sdsnb_yjfy,2769874.32,5.0
zx_dsfsxqk,0,2.0
zx_yhsxqk,0,2.0
