,0,1
apply_time,2023-12-14 02:31:39,
fp_jx_lxfy_12m,,
fp_jx_zyjyjezb_12m_lh,,2.0
fp_jy_sychje_zb_12m_lh,,2.0
fp_xx_xychje_zb_12m_lh,6.3338,10.0
fp_xx_zyjyjezb_12m_lh,,3.0
gs_frwdx,2,4.0
gs_gdct,1,3.0
gs_gdwdx,4,8.0
lh_cylwz,0,3.0
lh_lxfybqbxse_12m,,4.0
lh_md_ppjzl,0,2.0
lh_qylx,2,
md_qybq,0,2.0
nsrsbh,91330110MA2J1JP04F,
order_no,f27d17f6-83b1-42d6-b78f-8a944fe759f1,
sf_fh_ssqk_qy,4,10.0
sw_cwbb_chzzts_cb,15.3669,10.0
sw_cwbb_jlrzzlv,-0.7815,1.0
sw_cwbb_jzcszlv,0.199,8.0
sw_cwbb_mlrzzlv,-0.5475,1.0
sw_cwbb_sszb,0,0.0
sw_cwbb_yyzjzzts,,4.0
sw_cwbb_zcfzl,1.2334,1.0
sw_jcxx_clnx,2.8,1.0
sw_jcxx_nsrxypj,B,5.0
sw_sb_lsxs_12m,67.492,2.0
sw_sb_nsze_zzsqysds_12m,180226.81,2.0
sw_sb_nszezzl_zzsqysds_12m_a,-0.088,2.0
sw_sb_qbxse_12m,32160514.45,1.0
sw_sb_qbxsezzl_12m,1.4627,9.0
sw_sbzs_sflhypld_12m,-0.7021,4.0
sw_sdsnb_cyrs,,1.0
sw_sdsnb_gzxjzzjezzl,0.7306,9.0
sw_sdsnb_yjfy,,2.0
zx_dsfsxqk,0,2.0
zx_yhsxqk,0,2.0
