,0,1
apply_time,2023-12-14 02:31:39,
fp_jx_lxfy_12m,,
fp_jx_zyjyjezb_12m_lh,,2.0
fp_jy_sychje_zb_12m_lh,0.7998,10.0
fp_xx_xychje_zb_12m_lh,2.3769,10.0
fp_xx_zyjyjezb_12m_lh,,3.0
gs_frwdx,3,5.0
gs_gdct,1,3.0
gs_gdwdx,4,8.0
lh_cylwz,0,3.0
lh_lxfybqbxse_12m,,4.0
lh_md_ppjzl,0,2.0
lh_qylx,2,
md_qybq,0,2.0
nsrsbh,91310114MA1GT0D04C,
order_no,66ec8c3e-a095-43da-b215-9c89edcdab5c,
sf_fh_ssqk_qy,4,10.0
sw_cwbb_chzzts_cb,119.9356,1.0
sw_cwbb_jlrzzlv,-0.3253,1.0
sw_cwbb_jzcszlv,0.3701,10.0
sw_cwbb_mlrzzlv,-0.1691,1.0
sw_cwbb_sszb,10000000,3.0
sw_cwbb_yyzjzzts,,4.0
sw_cwbb_zcfzl,1.1606,1.0
sw_jcxx_clnx,7.71,5.0
sw_jcxx_nsrxypj,A,9.0
sw_sb_lsxs_12m,52.7066,2.0
sw_sb_nsze_zzsqysds_12m,32140.42,2.0
sw_sb_nszezzl_zzsqysds_12m_a,-0.5262,2.0
sw_sb_qbxse_12m,21743936.22,1.0
sw_sb_qbxsezzl_12m,0.2986,6.0
sw_sbzs_sflhypld_12m,-0.9144,4.0
sw_sdsnb_cyrs,,1.0
sw_sdsnb_gzxjzzjezzl,1.2054,9.0
sw_sdsnb_yjfy,,2.0
zx_dsfsxqk,0,2.0
zx_yhsxqk,0,2.0
