,0,1
apply_time,2023-12-14 02:31:39,
fp_jx_lxfy_12m,,
fp_jx_zyjyjezb_12m_lh,,2.0
fp_jy_sychje_zb_12m_lh,,2.0
fp_xx_xychje_zb_12m_lh,0.3907,6.0
fp_xx_zyjyjezb_12m_lh,,3.0
gs_frwdx,4,8.0
gs_gdct,1,3.0
gs_gdwdx,4,8.0
lh_cylwz,0,3.0
lh_lxfybqbxse_12m,,4.0
lh_md_ppjzl,0,2.0
lh_qylx,2,
md_qybq,0,2.0
nsrsbh,914403000561959868,
order_no,4fdc6418-1f0a-4570-b34b-cc1b14fb629a,
sf_fh_ssqk_qy,4,10.0
sw_cwbb_chzzts_cb,74.3426,3.0
sw_cwbb_jlrzzlv,-0.8405,1.0
sw_cwbb_jzcszlv,0.0375,2.0
sw_cwbb_mlrzzlv,0.5991,9.0
sw_cwbb_sszb,,1.0
sw_cwbb_yyzjzzts,,4.0
sw_cwbb_zcfzl,0.9272,1.0
sw_jcxx_clnx,10.71,7.0
sw_jcxx_nsrxypj,B,5.0
sw_sb_lsxs_12m,86.3178,2.0
sw_sb_nsze_zzsqysds_12m,63022.67,2.0
sw_sb_nszezzl_zzsqysds_12m_a,-0.3281,2.0
sw_sb_qbxse_12m,6774235.33,1.0
sw_sb_qbxsezzl_12m,-0.2695,1.0
sw_sbzs_sflhypld_12m,0.4615,9.0
sw_sdsnb_cyrs,,1.0
sw_sdsnb_gzxjzzjezzl,0.0743,2.0
sw_sdsnb_yjfy,0,2.0
zx_dsfsxqk,0,2.0
zx_yhsxqk,0,2.0
