,0,1
apply_time,2023-12-14 02:31:21,
fp_jx_lxfy_12m,,
fp_jx_zyjyjezb_12m_lh,0.0081,2.0
fp_jy_sychje_zb_12m_lh,0.5373,8.0
fp_xx_xychje_zb_12m_lh,1.25,10.0
fp_xx_zyjyjezb_12m_lh,,3.0
gs_frwdx,4,8.0
gs_gdct,1,3.0
gs_gdwdx,4,8.0
lh_cylwz,1,10.0
lh_lxfybqbxse_12m,,4.0
lh_md_ppjzl,0,2.0
lh_qylx,1,
md_qybq,0,2.0
nsrsbh,9144030079172256X3,
order_no,36b71e1a-30a6-49e8-af22-e1daac70ac81,
sf_fh_ssqk_qy,4,10.0
sw_cwbb_chzzts_cb,103.6726,1.0
sw_cwbb_jlrzzlv,-0.9534,1.0
sw_cwbb_jzcszlv,0.0052,2.0
sw_cwbb_mlrzzlv,-0.2795,1.0
sw_cwbb_sszb,,1.0
sw_cwbb_yyzjzzts,,4.0
sw_cwbb_zcfzl,0.5539,7.0
sw_jcxx_clnx,16.88,10.0
sw_jcxx_nsrxypj,A,9.0
sw_sb_lsxs_12m,28.2386,2.0
sw_sb_nsze_zzsqysds_12m,1956910.83,4.0
sw_sb_nszezzl_zzsqysds_12m_a,-0.2762,2.0
sw_sb_qbxse_12m,223660561.93,5.0
sw_sb_qbxsezzl_12m,0.076,5.0
sw_sbzs_sflhypld_12m,-0.6121,4.0
sw_sdsnb_cyrs,,1.0
sw_sdsnb_gzxjzzjezzl,0.3918,11.0
sw_sdsnb_yjfy,9445342.88,7.0
zx_dsfsxqk,1,9.0
zx_yhsxqk,1,8.0
