,0,1
apply_time,2023-12-14 02:31:40,
fp_jx_lxfy_12m,,
fp_jx_zyjyjezb_12m_lh,,2.0
fp_jy_sychje_zb_12m_lh,1.3476,10.0
fp_xx_xychje_zb_12m_lh,2.504,10.0
fp_xx_zyjyjezb_12m_lh,,3.0
gs_frwdx,2,4.0
gs_gdct,1,3.0
gs_gdwdx,4,8.0
lh_cylwz,4,6.0
lh_lxfybqbxse_12m,,4.0
lh_md_ppjzl,0,2.0
lh_qylx,1,
md_qybq,0,2.0
nsrsbh,91360481MA35YPTC3R,
order_no,8d3fdc43-f1e1-4fca-89fc-e01cc557141b,
sf_fh_ssqk_qy,4,10.0
sw_cwbb_chzzts_cb,61.3074,3.0
sw_cwbb_jlrzzlv,0.0122,4.0
sw_cwbb_jzcszlv,0.0771,2.0
sw_cwbb_mlrzzlv,-0.2756,1.0
sw_cwbb_sszb,100000000,10.0
sw_cwbb_yyzjzzts,,4.0
sw_cwbb_zcfzl,0.6609,5.0
sw_jcxx_clnx,6.15,5.0
sw_jcxx_nsrxypj,B,5.0
sw_sb_lsxs_12m,33.2144,2.0
sw_sb_nsze_zzsqysds_12m,2830227.38,4.0
sw_sb_nszezzl_zzsqysds_12m_a,0.1763,8.0
sw_sb_qbxse_12m,225497200.01,5.0
sw_sb_qbxsezzl_12m,-0.45,1.0
sw_sbzs_sflhypld_12m,-0.441,9.0
sw_sdsnb_cyrs,,1.0
sw_sdsnb_gzxjzzjezzl,0.5979,9.0
sw_sdsnb_yjfy,11002342.69,9.0
zx_dsfsxqk,0,2.0
zx_yhsxqk,0,2.0
