,0,1
apply_time,2023-12-14 02:31:40,
fp_jx_lxfy_12m,,
fp_jx_zyjyjezb_12m_lh,0.0219,2.0
fp_jy_sychje_zb_12m_lh,1.1398,10.0
fp_xx_xychje_zb_12m_lh,1.1549,10.0
fp_xx_zyjyjezb_12m_lh,,3.0
gs_frwdx,2,4.0
gs_gdct,1,3.0
gs_gdwdx,4,8.0
lh_cylwz,4,6.0
lh_lxfybqbxse_12m,,4.0
lh_md_ppjzl,0,2.0
lh_qylx,1,
md_qybq,0,2.0
nsrsbh,91440300597784062E,
order_no,3bb9146f-428a-492c-95a9-5ca4ced558ee,
sf_fh_ssqk_qy,4,10.0
sw_cwbb_chzzts_cb,27.5426,10.0
sw_cwbb_jlrzzlv,-0.1783,1.0
sw_cwbb_jzcszlv,0.327,10.0
sw_cwbb_mlrzzlv,0.429,7.0
sw_cwbb_sszb,5000000,3.0
sw_cwbb_yyzjzzts,,4.0
sw_cwbb_zcfzl,0.7962,3.0
sw_jcxx_clnx,11.13,7.0
sw_jcxx_nsrxypj,B,5.0
sw_sb_lsxs_12m,39.0654,2.0
sw_sb_nsze_zzsqysds_12m,792650.31,2.0
sw_sb_nszezzl_zzsqysds_12m_a,0.6475,10.0
sw_sb_qbxse_12m,30715620.28,1.0
sw_sb_qbxsezzl_12m,0.2304,6.0
sw_sbzs_sflhypld_12m,3.0032,7.0
sw_sdsnb_cyrs,,1.0
sw_sdsnb_gzxjzzjezzl,0,2.0
sw_sdsnb_yjfy,,2.0
zx_dsfsxqk,0,2.0
zx_yhsxqk,0,2.0
