,0,1
apply_time,2023-12-14 02:31:40,
fp_jx_lxfy_12m,,
fp_jx_zyjyjezb_12m_lh,0.0524,2.0
fp_jy_sychje_zb_12m_lh,0.7908,10.0
fp_xx_xychje_zb_12m_lh,0.8449,10.0
fp_xx_zyjyjezb_12m_lh,,3.0
gs_frwdx,3,5.0
gs_gdct,1,3.0
gs_gdwdx,4,8.0
lh_cylwz,4,6.0
lh_lxfybqbxse_12m,,4.0
lh_md_ppjzl,3,5.0
lh_qylx,1,
md_qybq,0,2.0
nsrsbh,914403007741138342,
order_no,52f65fcb-7420-4166-bdde-9c4a393146ed,
sf_fh_ssqk_qy,4,10.0
sw_cwbb_chzzts_cb,321.5009,1.0
sw_cwbb_jlrzzlv,0.0171,4.0
sw_cwbb_jzcszlv,0.1498,8.0
sw_cwbb_mlrzzlv,0.0613,3.0
sw_cwbb_sszb,122389000,10.0
sw_cwbb_yyzjzzts,,4.0
sw_cwbb_zcfzl,0.1231,10.0
sw_jcxx_clnx,18.05,10.0
sw_jcxx_nsrxypj,A,9.0
sw_sb_lsxs_12m,23.9017,2.0
sw_sb_nsze_zzsqysds_12m,8349402.31,8.0
sw_sb_nszezzl_zzsqysds_12m_a,-0.0343,2.0
sw_sb_qbxse_12m,206022087.04,5.0
sw_sb_qbxsezzl_12m,0.1795,5.0
sw_sbzs_sflhypld_12m,0.3702,9.0
sw_sdsnb_cyrs,,1.0
sw_sdsnb_gzxjzzjezzl,0.1391,7.0
sw_sdsnb_yjfy,19003032.09,9.0
zx_dsfsxqk,0,2.0
zx_yhsxqk,0,2.0
