,0,1
apply_time,2023-12-14 02:31:40,
fp_jx_lxfy_12m,,
fp_jx_zyjyjezb_12m_lh,,2.0
fp_jy_sychje_zb_12m_lh,,2.0
fp_xx_xychje_zb_12m_lh,1.3541,10.0
fp_xx_zyjyjezb_12m_lh,,3.0
gs_frwdx,2,4.0
gs_gdct,1,3.0
gs_gdwdx,3,6.0
lh_cylwz,6,4.0
lh_lxfybqbxse_12m,,4.0
lh_md_ppjzl,0,2.0
lh_qylx,1,
md_qybq,0,2.0
nsrsbh,91440300MA5FEL767P,
order_no,0c71804e-0a1b-4eb3-a39a-a4f92ca9a1c4,
sf_fh_ssqk_qy,4,10.0
sw_cwbb_chzzts_cb,7.1604,10.0
sw_cwbb_jlrzzlv,-1.5903,1.0
sw_cwbb_jzcszlv,0.0764,2.0
sw_cwbb_mlrzzlv,53.3551,9.0
sw_cwbb_sszb,8990597,3.0
sw_cwbb_yyzjzzts,,4.0
sw_cwbb_zcfzl,0.9324,1.0
sw_jcxx_clnx,4.62,3.0
sw_jcxx_nsrxypj,B,5.0
sw_sb_lsxs_12m,103.2426,2.0
sw_sb_nsze_zzsqysds_12m,1460960,4.0
sw_sb_nszezzl_zzsqysds_12m_a,2.7543,10.0
sw_sb_qbxse_12m,271413481.79,5.0
sw_sb_qbxsezzl_12m,6.4799,9.0
sw_sbzs_sflhypld_12m,-0.6749,4.0
sw_sdsnb_cyrs,,1.0
sw_sdsnb_gzxjzzjezzl,16.2068,9.0
sw_sdsnb_yjfy,8422337.59,7.0
zx_dsfsxqk,0,2.0
zx_yhsxqk,0,2.0
