,0,1
apply_time,2023-12-14 02:31:40,
fp_jx_lxfy_12m,,
fp_jx_zyjyjezb_12m_lh,,2.0
fp_jy_sychje_zb_12m_lh,0.9434,10.0
fp_xx_xychje_zb_12m_lh,,2.0
fp_xx_zyjyjezb_12m_lh,,3.0
gs_frwdx,2,4.0
gs_gdct,0,3.0
gs_gdwdx,4,8.0
lh_cylwz,4,6.0
lh_lxfybqbxse_12m,,4.0
lh_md_ppjzl,0,2.0
lh_qylx,1,
md_qybq,0,2.0
nsrsbh,91440300MA5GC2829G,
order_no,e546e7f7-6cd4-4242-a956-ee683a978036,
sf_fh_ssqk_qy,4,10.0
sw_cwbb_chzzts_cb,90.3823,1.0
sw_cwbb_jlrzzlv,-2.6768,1.0
sw_cwbb_jzcszlv,-1.2823,1.0
sw_cwbb_mlrzzlv,0.9176,9.0
sw_cwbb_sszb,2550000,1.0
sw_cwbb_yyzjzzts,,4.0
sw_cwbb_zcfzl,0.9994,1.0
sw_jcxx_clnx,2.95,1.0
sw_jcxx_nsrxypj,B,5.0
sw_sb_lsxs_12m,34.7706,2.0
sw_sb_nsze_zzsqysds_12m,1609258.74,4.0
sw_sb_nszezzl_zzsqysds_12m_a,0.1892,8.0
sw_sb_qbxse_12m,135355137.7,5.0
sw_sb_qbxsezzl_12m,0.2564,6.0
sw_sbzs_sflhypld_12m,0.9063,7.0
sw_sdsnb_cyrs,,1.0
sw_sdsnb_gzxjzzjezzl,,2.0
sw_sdsnb_yjfy,,2.0
zx_dsfsxqk,0,2.0
zx_yhsxqk,0,2.0
