,0,1
apply_time,2023-12-14 02:31:40,
fp_jx_lxfy_12m,,
fp_jx_zyjyjezb_12m_lh,,2.0
fp_jy_sychje_zb_12m_lh,5.3152,10.0
fp_xx_xychje_zb_12m_lh,11.2957,10.0
fp_xx_zyjyjezb_12m_lh,,3.0
gs_frwdx,4,8.0
gs_gdct,0,3.0
gs_gdwdx,4,8.0
lh_cylwz,4,6.0
lh_lxfybqbxse_12m,,4.0
lh_md_ppjzl,0,2.0
lh_qylx,1,
md_qybq,0,2.0
nsrsbh,91440300MA5EJCP8XB,
order_no,0ce74163-da25-4fae-9ee9-5212e7ef67c3,
sf_fh_ssqk_qy,4,10.0
sw_cwbb_chzzts_cb,77.5935,3.0
sw_cwbb_jlrzzlv,5.8333,9.0
sw_cwbb_jzcszlv,-5.2502,1.0
sw_cwbb_mlrzzlv,-1.3817,1.0
sw_cwbb_sszb,2000000,1.0
sw_cwbb_yyzjzzts,,4.0
sw_cwbb_zcfzl,1.0325,1.0
sw_jcxx_clnx,6.22,5.0
sw_jcxx_nsrxypj,B,5.0
sw_sb_lsxs_12m,34.2406,2.0
sw_sb_nsze_zzsqysds_12m,97615.57,2.0
sw_sb_nszezzl_zzsqysds_12m_a,0.4601,10.0
sw_sb_qbxse_12m,65275392.8,3.0
sw_sb_qbxsezzl_12m,3.54,9.0
sw_sbzs_sflhypld_12m,-0.9144,4.0
sw_sdsnb_cyrs,,1.0
sw_sdsnb_gzxjzzjezzl,3.736,9.0
sw_sdsnb_yjfy,1648981.87,5.0
zx_dsfsxqk,0,2.0
zx_yhsxqk,0,2.0
