,0,1
apply_time,2023-12-14 02:31:41,
fp_jx_lxfy_12m,,
fp_jx_zyjyjezb_12m_lh,,2.0
fp_jy_sychje_zb_12m_lh,3.5593,10.0
fp_xx_xychje_zb_12m_lh,,2.0
fp_xx_zyjyjezb_12m_lh,,3.0
gs_frwdx,2,4.0
gs_gdct,0,3.0
gs_gdwdx,4,8.0
lh_cylwz,0,3.0
lh_lxfybqbxse_12m,,4.0
lh_md_ppjzl,3,5.0
lh_qylx,2,
md_qybq,0,2.0
nsrsbh,91440300311635492R,
order_no,8bdd6121-c5f9-4e13-b3b0-93700b4425ba,
sf_fh_ssqk_qy,4,10.0
sw_cwbb_chzzts_cb,71.2529,3.0
sw_cwbb_jlrzzlv,1.7609,9.0
sw_cwbb_jzcszlv,0.724,8.0
sw_cwbb_mlrzzlv,0.6133,9.0
sw_cwbb_sszb,5000000,3.0
sw_cwbb_yyzjzzts,,4.0
sw_cwbb_zcfzl,0.844,1.0
sw_jcxx_clnx,8.92,5.0
sw_jcxx_nsrxypj,A,9.0
sw_sb_lsxs_12m,68.4955,2.0
sw_sb_nsze_zzsqysds_12m,1096599.75,4.0
sw_sb_nszezzl_zzsqysds_12m_a,-0.0086,2.0
sw_sb_qbxse_12m,117084499.74,5.0
sw_sb_qbxsezzl_12m,0.1441,5.0
sw_sbzs_sflhypld_12m,-0.2174,9.0
sw_sdsnb_cyrs,,1.0
sw_sdsnb_gzxjzzjezzl,0.3314,11.0
sw_sdsnb_yjfy,4626495.95,5.0
zx_dsfsxqk,0,2.0
zx_yhsxqk,0,2.0
