,0,1
apply_time,2023-12-14 02:31:41,
fp_jx_lxfy_12m,,
fp_jx_zyjyjezb_12m_lh,,2.0
fp_jy_sychje_zb_12m_lh,0.7467,10.0
fp_xx_xychje_zb_12m_lh,0.9097,10.0
fp_xx_zyjyjezb_12m_lh,,3.0
gs_frwdx,4,8.0
gs_gdct,1,3.0
gs_gdwdx,3,6.0
lh_cylwz,4,6.0
lh_lxfybqbxse_12m,,4.0
lh_md_ppjzl,0,2.0
lh_qylx,1,
md_qybq,0,2.0
nsrsbh,91440300559852415A,
order_no,f0d485dd-6ce2-4fdc-bd30-4a78ed5519d9,
sf_fh_ssqk_qy,4,10.0
sw_cwbb_chzzts_cb,274.7253,1.0
sw_cwbb_jlrzzlv,-23.0613,1.0
sw_cwbb_jzcszlv,-0.3518,1.0
sw_cwbb_mlrzzlv,-0.5656,1.0
sw_cwbb_sszb,12942700,5.0
sw_cwbb_yyzjzzts,,4.0
sw_cwbb_zcfzl,0.567,7.0
sw_jcxx_clnx,13.04,7.0
sw_jcxx_nsrxypj,B,5.0
sw_sb_lsxs_12m,127.0603,2.0
sw_sb_nsze_zzsqysds_12m,295726.47,2.0
sw_sb_nszezzl_zzsqysds_12m_a,-0.1848,2.0
sw_sb_qbxse_12m,28894786.98,1.0
sw_sb_qbxsezzl_12m,-0.0734,2.0
sw_sbzs_sflhypld_12m,-0.4182,9.0
sw_sdsnb_cyrs,,1.0
sw_sdsnb_gzxjzzjezzl,,2.0
sw_sdsnb_yjfy,,2.0
zx_dsfsxqk,0,2.0
zx_yhsxqk,0,2.0
