,0,1
apply_time,2023-12-14 02:31:41,
fp_jx_lxfy_12m,,
fp_jx_zyjyjezb_12m_lh,,2.0
fp_jy_sychje_zb_12m_lh,,2.0
fp_xx_xychje_zb_12m_lh,1.0189,10.0
fp_xx_zyjyjezb_12m_lh,0.1845,9.0
gs_frwdx,4,8.0
gs_gdct,1,3.0
gs_gdwdx,4,8.0
lh_cylwz,4,6.0
lh_lxfybqbxse_12m,,4.0
lh_md_ppjzl,0,2.0
lh_qylx,1,
md_qybq,0,2.0
nsrsbh,91440300083869114Q,
order_no,9aa4b2f0-13bc-4233-9db4-3f8865c5e923,
sf_fh_ssqk_qy,4,10.0
sw_cwbb_chzzts_cb,82.5493,3.0
sw_cwbb_jlrzzlv,0.1197,4.0
sw_cwbb_jzcszlv,0.338,10.0
sw_cwbb_mlrzzlv,0.1697,3.0
sw_cwbb_sszb,500000,1.0
sw_cwbb_yyzjzzts,,4.0
sw_cwbb_zcfzl,0.8389,1.0
sw_jcxx_clnx,9.84,5.0
sw_jcxx_nsrxypj,A,9.0
sw_sb_lsxs_12m,58.5901,2.0
sw_sb_nsze_zzsqysds_12m,349632.16,2.0
sw_sb_nszezzl_zzsqysds_12m_a,0.1278,8.0
sw_sb_qbxse_12m,108852836.66,5.0
sw_sb_qbxsezzl_12m,0.3226,6.0
sw_sbzs_sflhypld_12m,-0.6346,4.0
sw_sdsnb_cyrs,,1.0
sw_sdsnb_gzxjzzjezzl,,2.0
sw_sdsnb_yjfy,0,2.0
zx_dsfsxqk,0,2.0
zx_yhsxqk,0,2.0
