,0,1
apply_time,2023-12-14 02:31:41,
fp_jx_lxfy_12m,61138.16,
fp_jx_zyjyjezb_12m_lh,,2.0
fp_jy_sychje_zb_12m_lh,1.2567,10.0
fp_xx_xychje_zb_12m_lh,1.7698,10.0
fp_xx_zyjyjezb_12m_lh,,3.0
gs_frwdx,4,8.0
gs_gdct,1,3.0
gs_gdwdx,4,8.0
lh_cylwz,4,6.0
lh_lxfybqbxse_12m,,4.0
lh_md_ppjzl,0,2.0
lh_qylx,1,
md_qybq,0,2.0
nsrsbh,914403006911707615,
order_no,a7872077-c465-4c27-b562-78e3b0f1b5eb,
sf_fh_ssqk_qy,4,10.0
sw_cwbb_chzzts_cb,18.0296,10.0
sw_cwbb_jlrzzlv,-0.8045,1.0
sw_cwbb_jzcszlv,0.0737,2.0
sw_cwbb_mlrzzlv,-0.0787,1.0
sw_cwbb_sszb,0,0.0
sw_cwbb_yyzjzzts,,4.0
sw_cwbb_zcfzl,0.9972,1.0
sw_jcxx_clnx,14.22,7.0
sw_jcxx_nsrxypj,B,5.0
sw_sb_lsxs_12m,32.9817,2.0
sw_sb_nsze_zzsqysds_12m,1096342.81,4.0
sw_sb_nszezzl_zzsqysds_12m_a,0.214,10.0
sw_sb_qbxse_12m,83114227.38,3.0
sw_sb_qbxsezzl_12m,0.3957,6.0
sw_sbzs_sflhypld_12m,-0.2585,9.0
sw_sdsnb_cyrs,,1.0
sw_sdsnb_gzxjzzjezzl,-0.1692,2.0
sw_sdsnb_yjfy,0,2.0
zx_dsfsxqk,0,2.0
zx_yhsxqk,0,2.0
