,0,1
apply_time,2023-12-14 02:31:41,
fp_jx_lxfy_12m,346213.67,
fp_jx_zyjyjezb_12m_lh,,2.0
fp_jy_sychje_zb_12m_lh,0.8571,10.0
fp_xx_xychje_zb_12m_lh,1.5888,10.0
fp_xx_zyjyjezb_12m_lh,0.0466,3.0
gs_frwdx,3,5.0
gs_gdct,1,3.0
gs_gdwdx,3,6.0
lh_cylwz,4,6.0
lh_lxfybqbxse_12m,,4.0
lh_md_ppjzl,0,2.0
lh_qylx,1,
md_qybq,0,2.0
nsrsbh,91440300MA5FC82P4D,
order_no,6800e1df-3427-473f-9a6c-c1d1399a2bca,
sf_fh_ssqk_qy,4,10.0
sw_cwbb_chzzts_cb,92.5527,1.0
sw_cwbb_jlrzzlv,-8.9349,1.0
sw_cwbb_jzcszlv,0.146,8.0
sw_cwbb_mlrzzlv,0.6447,9.0
sw_cwbb_sszb,30000000,5.0
sw_cwbb_yyzjzzts,,4.0
sw_cwbb_zcfzl,0.9013,1.0
sw_jcxx_clnx,4.1,3.0
sw_jcxx_nsrxypj,B,5.0
sw_sb_lsxs_12m,68.0698,2.0
sw_sb_nsze_zzsqysds_12m,547452.16,2.0
sw_sb_nszezzl_zzsqysds_12m_a,-0.6111,2.0
sw_sb_qbxse_12m,153489712.13,5.0
sw_sb_qbxsezzl_12m,-0.0545,2.0
sw_sbzs_sflhypld_12m,-0.8004,4.0
sw_sdsnb_cyrs,,1.0
sw_sdsnb_gzxjzzjezzl,-0.0713,2.0
sw_sdsnb_yjfy,7160197.83,7.0
zx_dsfsxqk,0,2.0
zx_yhsxqk,0,2.0
