,0,1
apply_time,2023-12-14 02:31:41,
fp_jx_lxfy_12m,318066.13,
fp_jx_zyjyjezb_12m_lh,,2.0
fp_jy_sychje_zb_12m_lh,1.6926,10.0
fp_xx_xychje_zb_12m_lh,1.2132,10.0
fp_xx_zyjyjezb_12m_lh,0.0287,3.0
gs_frwdx,3,5.0
gs_gdct,1,3.0
gs_gdwdx,3,6.0
lh_cylwz,4,6.0
lh_lxfybqbxse_12m,,4.0
lh_md_ppjzl,0,2.0
lh_qylx,1,
md_qybq,0,2.0
nsrsbh,91440300MA5FC82P4D,
order_no,8f5313e8-59c5-4cf5-b689-21113266e746,
sf_fh_ssqk_qy,4,10.0
sw_cwbb_chzzts_cb,104.7346,1.0
sw_cwbb_jlrzzlv,1.6137,9.0
sw_cwbb_jzcszlv,0.257,10.0
sw_cwbb_mlrzzlv,0.1696,3.0
sw_cwbb_sszb,30000000,5.0
sw_cwbb_yyzjzzts,,4.0
sw_cwbb_zcfzl,0.8767,1.0
sw_jcxx_clnx,4.97,3.0
sw_jcxx_nsrxypj,A,9.0
sw_sb_lsxs_12m,61.4,2.0
sw_sb_nsze_zzsqysds_12m,1453948.71,4.0
sw_sb_nszezzl_zzsqysds_12m_a,1.5982,10.0
sw_sb_qbxse_12m,162764697.13,5.0
sw_sb_qbxsezzl_12m,0.0521,5.0
sw_sbzs_sflhypld_12m,-0.4924,9.0
sw_sdsnb_cyrs,,1.0
sw_sdsnb_gzxjzzjezzl,-0.0971,2.0
sw_sdsnb_yjfy,8200637.51,7.0
zx_dsfsxqk,0,2.0
zx_yhsxqk,0,2.0
