,0,1
apply_time,2023-12-14 02:31:41,
fp_jx_lxfy_12m,,
fp_jx_zyjyjezb_12m_lh,,2.0
fp_jy_sychje_zb_12m_lh,1.7222,10.0
fp_xx_xychje_zb_12m_lh,0.5674,8.0
fp_xx_zyjyjezb_12m_lh,,3.0
gs_frwdx,4,8.0
gs_gdct,0,3.0
gs_gdwdx,4,8.0
lh_cylwz,4,6.0
lh_lxfybqbxse_12m,,4.0
lh_md_ppjzl,0,2.0
lh_qylx,1,
md_qybq,0,2.0
nsrsbh,91440300MA5FYENP4M,
order_no,588288e1-72ef-476f-8e89-e01a0ce8bcd3,
sf_fh_ssqk_qy,4,10.0
sw_cwbb_chzzts_cb,,5.0
sw_cwbb_jlrzzlv,-1.8299,1.0
sw_cwbb_jzcszlv,0.0238,2.0
sw_cwbb_mlrzzlv,0.4388,7.0
sw_cwbb_sszb,30000000,5.0
sw_cwbb_yyzjzzts,,4.0
sw_cwbb_zcfzl,0.3737,10.0
sw_jcxx_clnx,3.01,3.0
sw_jcxx_nsrxypj,B,5.0
sw_sb_lsxs_12m,57.7238,2.0
sw_sb_nsze_zzsqysds_12m,88711.07,2.0
sw_sb_nszezzl_zzsqysds_12m_a,-0.7403,2.0
sw_sb_qbxse_12m,42170914.27,1.0
sw_sb_qbxsezzl_12m,-0.3217,1.0
sw_sbzs_sflhypld_12m,-0.8863,4.0
sw_sdsnb_cyrs,,1.0
sw_sdsnb_gzxjzzjezzl,0.2764,11.0
sw_sdsnb_yjfy,0,2.0
zx_dsfsxqk,0,2.0
zx_yhsxqk,0,2.0
