,0,1
apply_time,2023-12-14 02:31:42,
fp_jx_lxfy_12m,,
fp_jx_zyjyjezb_12m_lh,,2.0
fp_jy_sychje_zb_12m_lh,0.1101,4.0
fp_xx_xychje_zb_12m_lh,0.1207,4.0
fp_xx_zyjyjezb_12m_lh,0.3999,10.0
gs_frwdx,4,8.0
gs_gdct,1,3.0
gs_gdwdx,4,8.0
lh_cylwz,4,6.0
lh_lxfybqbxse_12m,,4.0
lh_md_ppjzl,0,2.0
lh_qylx,1,
md_qybq,0,2.0
nsrsbh,91440300350006672M,
order_no,6dacef0d-102e-4152-add2-f13b89fe6c93,
sf_fh_ssqk_qy,4,10.0
sw_cwbb_chzzts_cb,18.7082,10.0
sw_cwbb_jlrzzlv,0.7281,9.0
sw_cwbb_jzcszlv,0.1821,8.0
sw_cwbb_mlrzzlv,0.0779,3.0
sw_cwbb_sszb,1199000,1.0
sw_cwbb_yyzjzzts,,4.0
sw_cwbb_zcfzl,0.9205,1.0
sw_jcxx_clnx,8.18,5.0
sw_jcxx_nsrxypj,B,5.0
sw_sb_lsxs_12m,67.3291,2.0
sw_sb_nsze_zzsqysds_12m,277934.76,2.0
sw_sb_nszezzl_zzsqysds_12m_a,-0.6449,2.0
sw_sb_qbxse_12m,40189080.97,1.0
sw_sb_qbxsezzl_12m,-0.7098,1.0
sw_sbzs_sflhypld_12m,0.0008,9.0
sw_sdsnb_cyrs,,1.0
sw_sdsnb_gzxjzzjezzl,0.8312,9.0
sw_sdsnb_yjfy,0,2.0
zx_dsfsxqk,0,2.0
zx_yhsxqk,0,2.0
