,0,1
apply_time,2023-12-14 02:31:42,
fp_jx_lxfy_12m,,
fp_jx_zyjyjezb_12m_lh,,2.0
fp_jy_sychje_zb_12m_lh,,2.0
fp_xx_xychje_zb_12m_lh,,2.0
fp_xx_zyjyjezb_12m_lh,,3.0
gs_frwdx,4,8.0
gs_gdct,1,3.0
gs_gdwdx,4,8.0
lh_cylwz,4,6.0
lh_lxfybqbxse_12m,,4.0
lh_md_ppjzl,0,2.0
lh_qylx,1,
md_qybq,0,2.0
nsrsbh,91360700MABT2C2W1G,
order_no,6b487131-8ad3-4a91-bca6-7cd6058bdafa,
sf_fh_ssqk_qy,4,10.0
sw_cwbb_chzzts_cb,,5.0
sw_cwbb_jlrzzlv,,1.0
sw_cwbb_jzcszlv,,1.0
sw_cwbb_mlrzzlv,,1.0
sw_cwbb_sszb,,1.0
sw_cwbb_yyzjzzts,,4.0
sw_cwbb_zcfzl,,3.0
sw_jcxx_clnx,1.1,1.0
sw_jcxx_nsrxypj,,1.0
sw_sb_lsxs_12m,120.482,2.0
sw_sb_nsze_zzsqysds_12m,50756.69,2.0
sw_sb_nszezzl_zzsqysds_12m_a,99999999,10.0
sw_sb_qbxse_12m,13032540.84,1.0
sw_sb_qbxsezzl_12m,,1.0
sw_sbzs_sflhypld_12m,-0.7775,4.0
sw_sdsnb_cyrs,,1.0
sw_sdsnb_gzxjzzjezzl,,2.0
sw_sdsnb_yjfy,,2.0
zx_dsfsxqk,0,2.0
zx_yhsxqk,1,8.0
