,0,1
apply_time,2023-12-14 02:31:42,
fp_jx_lxfy_12m,,
fp_jx_zyjyjezb_12m_lh,,2.0
fp_jy_sychje_zb_12m_lh,0.9143,10.0
fp_xx_xychje_zb_12m_lh,1.5296,10.0
fp_xx_zyjyjezb_12m_lh,,3.0
gs_frwdx,4,8.0
gs_gdct,1,3.0
gs_gdwdx,4,8.0
lh_cylwz,1,10.0
lh_lxfybqbxse_12m,,4.0
lh_md_ppjzl,3,5.0
lh_qylx,1,
md_qybq,0,2.0
nsrsbh,9144030031164214X9,
order_no,1bcfa00b-9a92-4b92-bab4-474da07af7f6,
sf_fh_ssqk_qy,0,5.0
sw_cwbb_chzzts_cb,60.4936,3.0
sw_cwbb_jlrzzlv,3.1427,9.0
sw_cwbb_jzcszlv,0.186,8.0
sw_cwbb_mlrzzlv,0.3803,7.0
sw_cwbb_sszb,,1.0
sw_cwbb_yyzjzzts,,4.0
sw_cwbb_zcfzl,0.8091,1.0
sw_jcxx_clnx,8.39,5.0
sw_jcxx_nsrxypj,B,5.0
sw_sb_lsxs_12m,50.4096,2.0
sw_sb_nsze_zzsqysds_12m,1496936.53,4.0
sw_sb_nszezzl_zzsqysds_12m_a,-0.5664,2.0
sw_sb_qbxse_12m,505737036.35,10.0
sw_sb_qbxsezzl_12m,0.1552,5.0
sw_sbzs_sflhypld_12m,-0.8289,4.0
sw_sdsnb_cyrs,,1.0
sw_sdsnb_gzxjzzjezzl,0.3982,11.0
sw_sdsnb_yjfy,14820874.54,9.0
zx_dsfsxqk,1,9.0
zx_yhsxqk,1,8.0
