,0,1
apply_time,2023-12-14 02:31:42,
fp_jx_lxfy_12m,,
fp_jx_zyjyjezb_12m_lh,,2.0
fp_jy_sychje_zb_12m_lh,1.0563,10.0
fp_xx_xychje_zb_12m_lh,1.5202,10.0
fp_xx_zyjyjezb_12m_lh,,3.0
gs_frwdx,4,8.0
gs_gdct,1,3.0
gs_gdwdx,4,8.0
lh_cylwz,3,7.0
lh_lxfybqbxse_12m,,4.0
lh_md_ppjzl,3,5.0
lh_qylx,1,
md_qybq,0,2.0
nsrsbh,9144030031164214X9,
order_no,bcddcf35-e558-4bd9-8053-1dc33b03bd69,
sf_fh_ssqk_qy,0,5.0
sw_cwbb_chzzts_cb,60.4705,3.0
sw_cwbb_jlrzzlv,3.1014,9.0
sw_cwbb_jzcszlv,0.1843,8.0
sw_cwbb_mlrzzlv,0.3831,7.0
sw_cwbb_sszb,6000000,3.0
sw_cwbb_yyzjzzts,,4.0
sw_cwbb_zcfzl,0.8093,1.0
sw_jcxx_clnx,9.12,5.0
sw_jcxx_nsrxypj,A,9.0
sw_sb_lsxs_12m,44.3465,2.0
sw_sb_nsze_zzsqysds_12m,926356.4,2.0
sw_sb_nszezzl_zzsqysds_12m_a,-0.5371,2.0
sw_sb_qbxse_12m,737453169.38,10.0
sw_sb_qbxsezzl_12m,0.7119,9.0
sw_sbzs_sflhypld_12m,-0.9258,4.0
sw_sdsnb_cyrs,,1.0
sw_sdsnb_gzxjzzjezzl,,2.0
sw_sdsnb_yjfy,18195951.41,9.0
zx_dsfsxqk,0,2.0
zx_yhsxqk,2,7.0
