,0,1
apply_time,2023-12-14 02:31:42,
fp_jx_lxfy_12m,20188.89,
fp_jx_zyjyjezb_12m_lh,0.3746,9.0
fp_jy_sychje_zb_12m_lh,1.2219,10.0
fp_xx_xychje_zb_12m_lh,1.3255,10.0
fp_xx_zyjyjezb_12m_lh,,3.0
gs_frwdx,3,5.0
gs_gdct,1,3.0
gs_gdwdx,1,2.0
lh_cylwz,1,10.0
lh_lxfybqbxse_12m,,4.0
lh_md_ppjzl,0,2.0
lh_qylx,1,
md_qybq,0,2.0
nsrsbh,91330108MA27WX9X9M,
order_no,dfe63b98-9afb-4765-beac-be9937873b69,
sf_fh_ssqk_qy,4,10.0
sw_cwbb_chzzts_cb,55.4097,5.0
sw_cwbb_jlrzzlv,-0.2368,1.0
sw_cwbb_jzcszlv,0.266,10.0
sw_cwbb_mlrzzlv,-0.1069,1.0
sw_cwbb_sszb,7386001,3.0
sw_cwbb_yyzjzzts,,4.0
sw_cwbb_zcfzl,0.7768,3.0
sw_jcxx_clnx,7.72,5.0
sw_jcxx_nsrxypj,A,9.0
sw_sb_lsxs_12m,34.8204,2.0
sw_sb_nsze_zzsqysds_12m,794847.14,2.0
sw_sb_nszezzl_zzsqysds_12m_a,0.1914,8.0
sw_sb_qbxse_12m,140313661.37,5.0
sw_sb_qbxsezzl_12m,0.691,9.0
sw_sbzs_sflhypld_12m,-0.7455,4.0
sw_sdsnb_cyrs,,1.0
sw_sdsnb_gzxjzzjezzl,0.2918,11.0
sw_sdsnb_yjfy,,2.0
zx_dsfsxqk,1,9.0
zx_yhsxqk,1,8.0
