,0,1
apply_time,2023-12-14 02:31:43,
fp_jx_lxfy_12m,,
fp_jx_zyjyjezb_12m_lh,,2.0
fp_jy_sychje_zb_12m_lh,1.7442,10.0
fp_xx_xychje_zb_12m_lh,0.9782,10.0
fp_xx_zyjyjezb_12m_lh,,3.0
gs_frwdx,4,8.0
gs_gdct,1,3.0
gs_gdwdx,4,8.0
lh_cylwz,1,10.0
lh_lxfybqbxse_12m,,4.0
lh_md_ppjzl,0,2.0
lh_qylx,1,
md_qybq,0,2.0
nsrsbh,91440300MA5GF08U93,
order_no,9a34f30d-947c-4800-8ce6-732ca853b45a,
sf_fh_ssqk_qy,4,10.0
sw_cwbb_chzzts_cb,254.6393,1.0
sw_cwbb_jlrzzlv,-10.394,1.0
sw_cwbb_jzcszlv,-3.5268,1.0
sw_cwbb_mlrzzlv,-0.714,1.0
sw_cwbb_sszb,7450000,3.0
sw_cwbb_yyzjzzts,,4.0
sw_cwbb_zcfzl,0.9996,1.0
sw_jcxx_clnx,3.04,3.0
sw_jcxx_nsrxypj,B,5.0
sw_sb_lsxs_12m,57.7553,2.0
sw_sb_nsze_zzsqysds_12m,124158.17,2.0
sw_sb_nszezzl_zzsqysds_12m_a,-0.5218,2.0
sw_sb_qbxse_12m,79863144.14,3.0
sw_sb_qbxsezzl_12m,0.3273,6.0
sw_sbzs_sflhypld_12m,-0.9201,4.0
sw_sdsnb_cyrs,,1.0
sw_sdsnb_gzxjzzjezzl,1.0301,9.0
sw_sdsnb_yjfy,2502605.19,5.0
zx_dsfsxqk,1,9.0
zx_yhsxqk,1,8.0
