,0,1
apply_time,2023-12-14 02:31:22,
fp_jx_lxfy_12m,,
fp_jx_zyjyjezb_12m_lh,,2.0
fp_jy_sychje_zb_12m_lh,1.9085,10.0
fp_xx_xychje_zb_12m_lh,2.932,10.0
fp_xx_zyjyjezb_12m_lh,,3.0
gs_frwdx,4,8.0
gs_gdct,1,3.0
gs_gdwdx,4,8.0
lh_cylwz,1,10.0
lh_lxfybqbxse_12m,,4.0
lh_md_ppjzl,0,2.0
lh_qylx,1,
md_qybq,0,2.0
nsrsbh,91440300691177752R,
order_no,c08f4a19-6a8d-4365-b0d0-a721030057aa,
sf_fh_ssqk_qy,4,10.0
sw_cwbb_chzzts_cb,16.0857,10.0
sw_cwbb_jlrzzlv,-2.8558,1.0
sw_cwbb_jzcszlv,-0.3627,1.0
sw_cwbb_mlrzzlv,-0.4859,1.0
sw_cwbb_sszb,,1.0
sw_cwbb_yyzjzzts,,4.0
sw_cwbb_zcfzl,0.0353,10.0
sw_jcxx_clnx,13.77,7.0
sw_jcxx_nsrxypj,B,5.0
sw_sb_lsxs_12m,16.7975,2.0
sw_sb_nsze_zzsqysds_12m,10442377.05,10.0
sw_sb_nszezzl_zzsqysds_12m_a,0.5427,10.0
sw_sb_qbxse_12m,974843170.06,10.0
sw_sb_qbxsezzl_12m,0.4353,6.0
sw_sbzs_sflhypld_12m,-0.3441,9.0
sw_sdsnb_cyrs,,1.0
sw_sdsnb_gzxjzzjezzl,-0.097,2.0
sw_sdsnb_yjfy,39916181.21,9.0
zx_dsfsxqk,1,9.0
zx_yhsxqk,1,8.0
