,0,1
apply_time,2023-12-14 02:31:43,
fp_jx_lxfy_12m,,
fp_jx_zyjyjezb_12m_lh,,2.0
fp_jy_sychje_zb_12m_lh,1.3278,10.0
fp_xx_xychje_zb_12m_lh,,2.0
fp_xx_zyjyjezb_12m_lh,,3.0
gs_frwdx,4,8.0
gs_gdct,0,3.0
gs_gdwdx,4,8.0
lh_cylwz,0,3.0
lh_lxfybqbxse_12m,,4.0
lh_md_ppjzl,0,2.0
lh_qylx,0,
md_qybq,0,2.0
nsrsbh,91370220MABLRFN19G,
order_no,201052e3-1998-4fe1-8dfa-724435ddb00e,
sf_fh_ssqk_qy,4,10.0
sw_cwbb_chzzts_cb,,5.0
sw_cwbb_jlrzzlv,,1.0
sw_cwbb_jzcszlv,,1.0
sw_cwbb_mlrzzlv,,1.0
sw_cwbb_sszb,34631467.69,7.0
sw_cwbb_yyzjzzts,,4.0
sw_cwbb_zcfzl,0.3273,10.0
sw_jcxx_clnx,,1.0
sw_jcxx_nsrxypj,M,2.0
sw_sb_lsxs_12m,61.4506,2.0
sw_sb_nsze_zzsqysds_12m,64345.33,2.0
sw_sb_nszezzl_zzsqysds_12m_a,5.2028,10.0
sw_sb_qbxse_12m,17728697.9,1.0
sw_sb_qbxsezzl_12m,12.9121,9.0
sw_sbzs_sflhypld_12m,-0.8321,4.0
sw_sdsnb_cyrs,,1.0
sw_sdsnb_gzxjzzjezzl,,2.0
sw_sdsnb_yjfy,,2.0
zx_dsfsxqk,0,2.0
zx_yhsxqk,0,2.0
