,0,1
apply_time,2023-12-14 02:31:43,
fp_jx_lxfy_12m,205841.6,
fp_jx_zyjyjezb_12m_lh,0.0721,2.0
fp_jy_sychje_zb_12m_lh,0.846,10.0
fp_xx_xychje_zb_12m_lh,1.3906,10.0
fp_xx_zyjyjezb_12m_lh,0.0437,3.0
gs_frwdx,4,8.0
gs_gdct,0,3.0
gs_gdwdx,4,8.0
lh_cylwz,0,3.0
lh_lxfybqbxse_12m,,4.0
lh_md_ppjzl,0,2.0
lh_qylx,2,
md_qybq,0,2.0
nsrsbh,91440300692542555W,
order_no,62f48895-a244-4e2e-bfe1-56b359425f0b,
sf_fh_ssqk_qy,4,10.0
sw_cwbb_chzzts_cb,5.0522,10.0
sw_cwbb_jlrzzlv,9.0871,9.0
sw_cwbb_jzcszlv,0.0531,2.0
sw_cwbb_mlrzzlv,0.085,3.0
sw_cwbb_sszb,5000000,3.0
sw_cwbb_yyzjzzts,,4.0
sw_cwbb_zcfzl,0.9373,1.0
sw_jcxx_clnx,14.3,7.0
sw_jcxx_nsrxypj,B,5.0
sw_sb_lsxs_12m,40.1961,2.0
sw_sb_nsze_zzsqysds_12m,1752111.89,4.0
sw_sb_nszezzl_zzsqysds_12m_a,0.2271,10.0
sw_sb_qbxse_12m,138908498.8,5.0
sw_sb_qbxsezzl_12m,0.1081,5.0
sw_sbzs_sflhypld_12m,0.5727,7.0
sw_sdsnb_cyrs,,1.0
sw_sdsnb_gzxjzzjezzl,0.2599,11.0
sw_sdsnb_yjfy,0,2.0
zx_dsfsxqk,0,2.0
zx_yhsxqk,0,2.0
