,0,1
apply_time,2023-12-14 02:31:43,
fp_jx_lxfy_12m,,
fp_jx_zyjyjezb_12m_lh,,2.0
fp_jy_sychje_zb_12m_lh,0.3303,6.0
fp_xx_xychje_zb_12m_lh,5.128,10.0
fp_xx_zyjyjezb_12m_lh,,3.0
gs_frwdx,4,8.0
gs_gdct,1,3.0
gs_gdwdx,4,8.0
lh_cylwz,4,6.0
lh_lxfybqbxse_12m,,4.0
lh_md_ppjzl,0,2.0
lh_qylx,1,
md_qybq,0,2.0
nsrsbh,91440300MA5F1NW95M,
order_no,883f8c4c-c07d-4363-8fb9-2f7a6bf93ea5,
sf_fh_ssqk_qy,3,6.0
sw_cwbb_chzzts_cb,67.9626,3.0
sw_cwbb_jlrzzlv,-5.1874,1.0
sw_cwbb_jzcszlv,-1.1425,1.0
sw_cwbb_mlrzzlv,0.5819,9.0
sw_cwbb_sszb,4530000,3.0
sw_cwbb_yyzjzzts,,4.0
sw_cwbb_zcfzl,0.9972,1.0
sw_jcxx_clnx,5.65,3.0
sw_jcxx_nsrxypj,B,5.0
sw_sb_lsxs_12m,85.7032,2.0
sw_sb_nsze_zzsqysds_12m,1290313.06,4.0
sw_sb_nszezzl_zzsqysds_12m_a,2.0405,10.0
sw_sb_qbxse_12m,273000674.41,5.0
sw_sb_qbxsezzl_12m,1.9671,9.0
sw_sbzs_sflhypld_12m,-0.7833,4.0
sw_sdsnb_cyrs,,1.0
sw_sdsnb_gzxjzzjezzl,1.2155,9.0
sw_sdsnb_yjfy,0,2.0
zx_dsfsxqk,0,2.0
zx_yhsxqk,0,2.0
