,0,1
apply_time,2023-12-14 02:31:43,
fp_jx_lxfy_12m,192418.04,
fp_jx_zyjyjezb_12m_lh,,2.0
fp_jy_sychje_zb_12m_lh,,2.0
fp_xx_xychje_zb_12m_lh,,2.0
fp_xx_zyjyjezb_12m_lh,,3.0
gs_frwdx,3,5.0
gs_gdct,1,3.0
gs_gdwdx,3,6.0
lh_cylwz,0,3.0
lh_lxfybqbxse_12m,,4.0
lh_md_ppjzl,0,2.0
lh_qylx,2,
md_qybq,0,2.0
nsrsbh,91440300MA5DC1WL1W,
order_no,f9fc2df3-9ee9-42c8-814d-718464eb690b,
sf_fh_ssqk_qy,0,5.0
sw_cwbb_chzzts_cb,254.4618,1.0
sw_cwbb_jlrzzlv,-0.6581,1.0
sw_cwbb_jzcszlv,-0.4429,1.0
sw_cwbb_mlrzzlv,5.1611,9.0
sw_cwbb_sszb,20000000,5.0
sw_cwbb_yyzjzzts,,4.0
sw_cwbb_zcfzl,0.514,7.0
sw_jcxx_clnx,5.48,3.0
sw_jcxx_nsrxypj,B,5.0
sw_sb_lsxs_12m,111.1551,2.0
sw_sb_nsze_zzsqysds_12m,334252.22,2.0
sw_sb_nszezzl_zzsqysds_12m_a,99999999,10.0
sw_sb_qbxse_12m,92102050.54,3.0
sw_sb_qbxsezzl_12m,4.1882,9.0
sw_sbzs_sflhypld_12m,-0.7888,4.0
sw_sdsnb_cyrs,,1.0
sw_sdsnb_gzxjzzjezzl,0.0665,2.0
sw_sdsnb_yjfy,6077032.1,7.0
zx_dsfsxqk,0,2.0
zx_yhsxqk,0,2.0
