,0,1
apply_time,2023-12-14 02:31:43,
fp_jx_lxfy_12m,,
fp_jx_zyjyjezb_12m_lh,,2.0
fp_jy_sychje_zb_12m_lh,0.3004,6.0
fp_xx_xychje_zb_12m_lh,3.2818,10.0
fp_xx_zyjyjezb_12m_lh,,3.0
gs_frwdx,4,8.0
gs_gdct,0,3.0
gs_gdwdx,4,8.0
lh_cylwz,0,3.0
lh_lxfybqbxse_12m,,4.0
lh_md_ppjzl,0,2.0
lh_qylx,0,
md_qybq,0,2.0
nsrsbh,91440300570042376X,
order_no,1d259a1c-61ea-4dff-b2d2-c256b9f8546b,
sf_fh_ssqk_qy,4,10.0
sw_cwbb_chzzts_cb,175.4555,1.0
sw_cwbb_jlrzzlv,-1.0643,1.0
sw_cwbb_jzcszlv,0.0068,2.0
sw_cwbb_mlrzzlv,0.3129,7.0
sw_cwbb_sszb,26689587.73,5.0
sw_cwbb_yyzjzzts,,4.0
sw_cwbb_zcfzl,0.5052,7.0
sw_jcxx_clnx,12.71,7.0
sw_jcxx_nsrxypj,B,5.0
sw_sb_lsxs_12m,48.4883,2.0
sw_sb_nsze_zzsqysds_12m,0,2.0
sw_sb_nszezzl_zzsqysds_12m_a,-1,2.0
sw_sb_qbxse_12m,62417949.29,3.0
sw_sb_qbxsezzl_12m,2.8309,9.0
sw_sbzs_sflhypld_12m,-1,4.0
sw_sdsnb_cyrs,,1.0
sw_sdsnb_gzxjzzjezzl,-0.216,2.0
sw_sdsnb_yjfy,,2.0
zx_dsfsxqk,0,2.0
zx_yhsxqk,0,2.0
