,0,1
apply_time,2023-12-14 02:31:44,
fp_jx_lxfy_12m,,
fp_jx_zyjyjezb_12m_lh,,2.0
fp_jy_sychje_zb_12m_lh,0.9377,10.0
fp_xx_xychje_zb_12m_lh,0.7966,10.0
fp_xx_zyjyjezb_12m_lh,0.106,9.0
gs_frwdx,4,8.0
gs_gdct,1,3.0
gs_gdwdx,4,8.0
lh_cylwz,1,10.0
lh_lxfybqbxse_12m,,4.0
lh_md_ppjzl,0,2.0
lh_qylx,1,
md_qybq,0,2.0
nsrsbh,91440300MA5DAC4Y9P,
order_no,cdce204d-0e18-4ed9-a4c4-b879d9cc5469,
sf_fh_ssqk_qy,4,10.0
sw_cwbb_chzzts_cb,80.0456,3.0
sw_cwbb_jlrzzlv,-0.4258,1.0
sw_cwbb_jzcszlv,3.924,8.0
sw_cwbb_mlrzzlv,0.2616,5.0
sw_cwbb_sszb,0,0.0
sw_cwbb_yyzjzzts,,4.0
sw_cwbb_zcfzl,0.9676,1.0
sw_jcxx_clnx,7.62,5.0
sw_jcxx_nsrxypj,A,9.0
sw_sb_lsxs_12m,22.3406,2.0
sw_sb_nsze_zzsqysds_12m,742397.83,2.0
sw_sb_nszezzl_zzsqysds_12m_a,0.0744,2.0
sw_sb_qbxse_12m,79944296.01,3.0
sw_sb_qbxsezzl_12m,-0.0594,2.0
sw_sbzs_sflhypld_12m,-0.4981,9.0
sw_sdsnb_cyrs,,1.0
sw_sdsnb_gzxjzzjezzl,0.7302,9.0
sw_sdsnb_yjfy,,2.0
zx_dsfsxqk,1,9.0
zx_yhsxqk,1,8.0
