,0,1
apply_time,2023-12-14 02:31:44,
fp_jx_lxfy_12m,483000,
fp_jx_zyjyjezb_12m_lh,0.0564,2.0
fp_jy_sychje_zb_12m_lh,0.2512,4.0
fp_xx_xychje_zb_12m_lh,0.0961,2.0
fp_xx_zyjyjezb_12m_lh,,3.0
gs_frwdx,1,2.0
gs_gdct,1,3.0
gs_gdwdx,3,6.0
lh_cylwz,1,10.0
lh_lxfybqbxse_12m,,4.0
lh_md_ppjzl,0,2.0
lh_qylx,2,
md_qybq,0,2.0
nsrsbh,91440300MA5FGAT68X,
order_no,4fe13948-bce6-42aa-be52-5a837b068027,
sf_fh_ssqk_qy,4,10.0
sw_cwbb_chzzts_cb,55.111,5.0
sw_cwbb_jlrzzlv,-2.7415,1.0
sw_cwbb_jzcszlv,-0.1641,1.0
sw_cwbb_mlrzzlv,-0.4972,1.0
sw_cwbb_sszb,40000000,7.0
sw_cwbb_yyzjzzts,,4.0
sw_cwbb_zcfzl,0.6174,5.0
sw_jcxx_clnx,4.82,3.0
sw_jcxx_nsrxypj,B,5.0
sw_sb_lsxs_12m,83.3206,2.0
sw_sb_nsze_zzsqysds_12m,594462.44,2.0
sw_sb_nszezzl_zzsqysds_12m_a,1.458,10.0
sw_sb_qbxse_12m,26495878.84,1.0
sw_sb_qbxsezzl_12m,-0.6483,1.0
sw_sbzs_sflhypld_12m,0.2132,9.0
sw_sdsnb_cyrs,,1.0
sw_sdsnb_gzxjzzjezzl,1.5104,9.0
sw_sdsnb_yjfy,3353887.79,5.0
zx_dsfsxqk,0,2.0
zx_yhsxqk,0,2.0
