,0,1
apply_time,2023-12-14 02:31:22,
fp_jx_lxfy_12m,,
fp_jx_zyjyjezb_12m_lh,,2.0
fp_jy_sychje_zb_12m_lh,1.807,10.0
fp_xx_xychje_zb_12m_lh,1.7236,10.0
fp_xx_zyjyjezb_12m_lh,,3.0
gs_frwdx,4,8.0
gs_gdct,1,3.0
gs_gdwdx,4,8.0
lh_cylwz,1,10.0
lh_lxfybqbxse_12m,,4.0
lh_md_ppjzl,0,2.0
lh_qylx,1,
md_qybq,0,2.0
nsrsbh,91440300691177752R,
order_no,497e88f4-422c-40d3-930a-5b31dfedf67b,
sf_fh_ssqk_qy,4,10.0
sw_cwbb_chzzts_cb,16.7526,10.0
sw_cwbb_jlrzzlv,-0.112,1.0
sw_cwbb_jzcszlv,0.1736,8.0
sw_cwbb_mlrzzlv,-0.0017,1.0
sw_cwbb_sszb,5000000,3.0
sw_cwbb_yyzjzzts,,4.0
sw_cwbb_zcfzl,0.62,5.0
sw_jcxx_clnx,14.1,7.0
sw_jcxx_nsrxypj,B,5.0
sw_sb_lsxs_12m,21.1203,2.0
sw_sb_nsze_zzsqysds_12m,13179812.02,10.0
sw_sb_nszezzl_zzsqysds_12m_a,0.6083,10.0
sw_sb_qbxse_12m,1159582402.39,10.0
sw_sb_qbxsezzl_12m,0.433,6.0
sw_sbzs_sflhypld_12m,-0.4239,9.0
sw_sdsnb_cyrs,,1.0
sw_sdsnb_gzxjzzjezzl,0.8724,9.0
sw_sdsnb_yjfy,42750160.08,9.0
zx_dsfsxqk,1,9.0
zx_yhsxqk,1,8.0
