,0,1
apply_time,2023-12-14 02:31:44,
fp_jx_lxfy_12m,,
fp_jx_zyjyjezb_12m_lh,,2.0
fp_jy_sychje_zb_12m_lh,0.7379,10.0
fp_xx_xychje_zb_12m_lh,2.2915,10.0
fp_xx_zyjyjezb_12m_lh,,3.0
gs_frwdx,4,8.0
gs_gdct,1,3.0
gs_gdwdx,4,8.0
lh_cylwz,1,10.0
lh_lxfybqbxse_12m,,4.0
lh_md_ppjzl,0,2.0
lh_qylx,1,
md_qybq,0,2.0
nsrsbh,91440300071761114X,
order_no,59bb286b-0bee-4837-be43-e0d35b32418b,
sf_fh_ssqk_qy,0,5.0
sw_cwbb_chzzts_cb,59.0328,5.0
sw_cwbb_jlrzzlv,0.3965,7.0
sw_cwbb_jzcszlv,0.6251,8.0
sw_cwbb_mlrzzlv,0.5958,9.0
sw_cwbb_sszb,20000000,5.0
sw_cwbb_yyzjzzts,,4.0
sw_cwbb_zcfzl,0.8888,1.0
sw_jcxx_clnx,9.64,5.0
sw_jcxx_nsrxypj,B,5.0
sw_sb_lsxs_12m,52.7786,2.0
sw_sb_nsze_zzsqysds_12m,7893184.14,8.0
sw_sb_nszezzl_zzsqysds_12m_a,0.6845,10.0
sw_sb_qbxse_12m,443144540.99,7.0
sw_sb_qbxsezzl_12m,0.8475,9.0
sw_sbzs_sflhypld_12m,-0.133,9.0
sw_sdsnb_cyrs,,1.0
sw_sdsnb_gzxjzzjezzl,1.4096,9.0
sw_sdsnb_yjfy,8408686.7,7.0
zx_dsfsxqk,1,9.0
zx_yhsxqk,1,8.0
