,0,1
apply_time,2023-12-14 02:31:44,
fp_jx_lxfy_12m,355002.64,
fp_jx_zyjyjezb_12m_lh,,2.0
fp_jy_sychje_zb_12m_lh,1.0261,10.0
fp_xx_xychje_zb_12m_lh,1.3089,10.0
fp_xx_zyjyjezb_12m_lh,0.0169,3.0
gs_frwdx,4,8.0
gs_gdct,1,3.0
gs_gdwdx,4,8.0
lh_cylwz,1,10.0
lh_lxfybqbxse_12m,,4.0
lh_md_ppjzl,0,2.0
lh_qylx,1,
md_qybq,0,2.0
nsrsbh,91440300568541248G,
order_no,522f2196-aa70-468e-ba27-ba3080585a2b,
sf_fh_ssqk_qy,0,5.0
sw_cwbb_chzzts_cb,0.9633,10.0
sw_cwbb_jlrzzlv,0.99,9.0
sw_cwbb_jzcszlv,0.0721,2.0
sw_cwbb_mlrzzlv,-0.0179,1.0
sw_cwbb_sszb,,1.0
sw_cwbb_yyzjzzts,,4.0
sw_cwbb_zcfzl,0.9096,1.0
sw_jcxx_clnx,12.77,7.0
sw_jcxx_nsrxypj,A,9.0
sw_sb_lsxs_12m,29.2296,2.0
sw_sb_nsze_zzsqysds_12m,1306864.87,4.0
sw_sb_nszezzl_zzsqysds_12m_a,0.5901,10.0
sw_sb_qbxse_12m,191314629.71,5.0
sw_sb_qbxsezzl_12m,0.4926,6.0
sw_sbzs_sflhypld_12m,0.0167,9.0
sw_sdsnb_cyrs,,1.0
sw_sdsnb_gzxjzzjezzl,0.0297,2.0
sw_sdsnb_yjfy,0,2.0
zx_dsfsxqk,1,9.0
zx_yhsxqk,1,8.0
