,0,1
apply_time,2023-12-14 02:31:44,
fp_jx_lxfy_12m,,
fp_jx_zyjyjezb_12m_lh,,2.0
fp_jy_sychje_zb_12m_lh,0.8858,10.0
fp_xx_xychje_zb_12m_lh,0.4778,6.0
fp_xx_zyjyjezb_12m_lh,,3.0
gs_frwdx,4,8.0
gs_gdct,0,3.0
gs_gdwdx,0,4.0
lh_cylwz,3,7.0
lh_lxfybqbxse_12m,,4.0
lh_md_ppjzl,0,2.0
lh_qylx,2,
md_qybq,0,2.0
nsrsbh,91310115MA1K3BPTX1,
order_no,deebfe8f-943b-42b8-a117-1783afca45ef,
sf_fh_ssqk_qy,4,10.0
sw_cwbb_chzzts_cb,45.5078,5.0
sw_cwbb_jlrzzlv,-3.0687,1.0
sw_cwbb_jzcszlv,-0.6046,1.0
sw_cwbb_mlrzzlv,-0.5456,1.0
sw_cwbb_sszb,6548210,3.0
sw_cwbb_yyzjzzts,,4.0
sw_cwbb_zcfzl,0.8485,1.0
sw_jcxx_clnx,7.4,5.0
sw_jcxx_nsrxypj,B,5.0
sw_sb_lsxs_12m,72.9186,2.0
sw_sb_nsze_zzsqysds_12m,0,2.0
sw_sb_nszezzl_zzsqysds_12m_a,-1,2.0
sw_sb_qbxse_12m,29540341.83,1.0
sw_sb_qbxsezzl_12m,-0.3718,1.0
sw_sbzs_sflhypld_12m,-1,4.0
sw_sdsnb_cyrs,,1.0
sw_sdsnb_gzxjzzjezzl,0.0803,2.0
sw_sdsnb_yjfy,,2.0
zx_dsfsxqk,0,2.0
zx_yhsxqk,0,2.0
