,0,1
apply_time,2023-12-14 02:31:44,
fp_jx_lxfy_12m,,
fp_jx_zyjyjezb_12m_lh,,2.0
fp_jy_sychje_zb_12m_lh,,2.0
fp_xx_xychje_zb_12m_lh,0.9745,10.0
fp_xx_zyjyjezb_12m_lh,,3.0
gs_frwdx,3,5.0
gs_gdct,1,3.0
gs_gdwdx,4,8.0
lh_cylwz,4,6.0
lh_lxfybqbxse_12m,,4.0
lh_md_ppjzl,0,2.0
lh_qylx,1,
md_qybq,0,2.0
nsrsbh,914403003564503870,
order_no,347bccf8-84a6-44b3-bfc4-d8635cea38d5,
sf_fh_ssqk_qy,4,10.0
sw_cwbb_chzzts_cb,79.2841,3.0
sw_cwbb_jlrzzlv,0.0269,4.0
sw_cwbb_jzcszlv,0.0274,2.0
sw_cwbb_mlrzzlv,-0.232,1.0
sw_cwbb_sszb,5000000,3.0
sw_cwbb_yyzjzzts,,4.0
sw_cwbb_zcfzl,0.5679,7.0
sw_jcxx_clnx,8.25,5.0
sw_jcxx_nsrxypj,A,9.0
sw_sb_lsxs_12m,37.2951,2.0
sw_sb_nsze_zzsqysds_12m,948204.68,2.0
sw_sb_nszezzl_zzsqysds_12m_a,1.085,10.0
sw_sb_qbxse_12m,23750907.01,1.0
sw_sb_qbxsezzl_12m,-0.0533,2.0
sw_sbzs_sflhypld_12m,1.161,7.0
sw_sdsnb_cyrs,,1.0
sw_sdsnb_gzxjzzjezzl,0.0185,2.0
sw_sdsnb_yjfy,3672392.84,5.0
zx_dsfsxqk,1,9.0
zx_yhsxqk,1,8.0
