,0,1
apply_time,2023-12-14 02:31:44,
fp_jx_lxfy_12m,116560.19,
fp_jx_zyjyjezb_12m_lh,,2.0
fp_jy_sychje_zb_12m_lh,1.2206,10.0
fp_xx_xychje_zb_12m_lh,0.4874,6.0
fp_xx_zyjyjezb_12m_lh,,3.0
gs_frwdx,4,8.0
gs_gdct,0,3.0
gs_gdwdx,4,8.0
lh_cylwz,4,6.0
lh_lxfybqbxse_12m,,4.0
lh_md_ppjzl,0,2.0
lh_qylx,1,
md_qybq,0,2.0
nsrsbh,91511500MA65086L4H,
order_no,c96eabd8-3e97-4462-987f-72ef00974bcf,
sf_fh_ssqk_qy,4,10.0
sw_cwbb_chzzts_cb,197.4254,1.0
sw_cwbb_jlrzzlv,-0.0515,1.0
sw_cwbb_jzcszlv,0.0295,2.0
sw_cwbb_mlrzzlv,-1.5973,1.0
sw_cwbb_sszb,50000000,7.0
sw_cwbb_yyzjzzts,,4.0
sw_cwbb_zcfzl,0.6984,5.0
sw_jcxx_clnx,6.43,5.0
sw_jcxx_nsrxypj,B,5.0
sw_sb_lsxs_12m,79.8432,2.0
sw_sb_nsze_zzsqysds_12m,0,2.0
sw_sb_nszezzl_zzsqysds_12m_a,-1,2.0
sw_sb_qbxse_12m,227162360.1,5.0
sw_sb_qbxsezzl_12m,0.3266,6.0
sw_sbzs_sflhypld_12m,-1,4.0
sw_sdsnb_cyrs,,1.0
sw_sdsnb_gzxjzzjezzl,0.2986,11.0
sw_sdsnb_yjfy,14851925.28,9.0
zx_dsfsxqk,0,2.0
zx_yhsxqk,0,2.0
