,0,1
apply_time,2023-12-14 02:31:45,
fp_jx_lxfy_12m,,
fp_jx_zyjyjezb_12m_lh,,2.0
fp_jy_sychje_zb_12m_lh,1.764,10.0
fp_xx_xychje_zb_12m_lh,,2.0
fp_xx_zyjyjezb_12m_lh,,3.0
gs_frwdx,3,5.0
gs_gdct,0,3.0
gs_gdwdx,4,8.0
lh_cylwz,4,6.0
lh_lxfybqbxse_12m,,4.0
lh_md_ppjzl,0,2.0
lh_qylx,1,
md_qybq,0,2.0
nsrsbh,91511500MA6B09AG74,
order_no,bcaac97d-0a0e-4dbf-9ecd-12c205a9f5ad,
sf_fh_ssqk_qy,0,5.0
sw_cwbb_chzzts_cb,40.8561,7.0
sw_cwbb_jlrzzlv,0.124,4.0
sw_cwbb_jzcszlv,0.1309,8.0
sw_cwbb_mlrzzlv,0.1336,3.0
sw_cwbb_sszb,9066700,3.0
sw_cwbb_yyzjzzts,,4.0
sw_cwbb_zcfzl,0.9368,1.0
sw_jcxx_clnx,4.09,3.0
sw_jcxx_nsrxypj,B,5.0
sw_sb_lsxs_12m,134.0405,2.0
sw_sb_nsze_zzsqysds_12m,478090.76,2.0
sw_sb_nszezzl_zzsqysds_12m_a,0.4513,10.0
sw_sb_qbxse_12m,174592771.89,5.0
sw_sb_qbxsezzl_12m,0.8865,9.0
sw_sbzs_sflhypld_12m,-0.8517,4.0
sw_sdsnb_cyrs,,1.0
sw_sdsnb_gzxjzzjezzl,99999999,9.0
sw_sdsnb_yjfy,1932360.26,5.0
zx_dsfsxqk,0,2.0
zx_yhsxqk,0,2.0
