,0,1
apply_time,2023-12-14 02:31:45,
fp_jx_lxfy_12m,,
fp_jx_zyjyjezb_12m_lh,,2.0
fp_jy_sychje_zb_12m_lh,,2.0
fp_xx_xychje_zb_12m_lh,0.7555,10.0
fp_xx_zyjyjezb_12m_lh,0.1951,9.0
gs_frwdx,1,2.0
gs_gdct,1,3.0
gs_gdwdx,4,8.0
lh_cylwz,4,6.0
lh_lxfybqbxse_12m,,4.0
lh_md_ppjzl,0,2.0
lh_qylx,1,
md_qybq,0,2.0
nsrsbh,91440300083869114Q,
order_no,fa59a3b3-62cf-44ca-94c4-b0ff9e258a98,
sf_fh_ssqk_qy,4,10.0
sw_cwbb_chzzts_cb,82.5493,3.0
sw_cwbb_jlrzzlv,0.1197,4.0
sw_cwbb_jzcszlv,0.338,10.0
sw_cwbb_mlrzzlv,0.1697,3.0
sw_cwbb_sszb,500000,1.0
sw_cwbb_yyzjzzts,,4.0
sw_cwbb_zcfzl,0.8389,1.0
sw_jcxx_clnx,10.05,7.0
sw_jcxx_nsrxypj,A,9.0
sw_sb_lsxs_12m,61.5062,2.0
sw_sb_nsze_zzsqysds_12m,404630.86,2.0
sw_sb_nszezzl_zzsqysds_12m_a,0.4567,10.0
sw_sb_qbxse_12m,104315061.41,5.0
sw_sb_qbxsezzl_12m,0.03,5.0
sw_sbzs_sflhypld_12m,-0.5552,4.0
sw_sdsnb_cyrs,,1.0
sw_sdsnb_gzxjzzjezzl,-0.08,2.0
sw_sdsnb_yjfy,0,2.0
zx_dsfsxqk,0,2.0
zx_yhsxqk,0,2.0
