,0,1
apply_time,2023-12-14 02:31:45,
fp_jx_lxfy_12m,12250,
fp_jx_zyjyjezb_12m_lh,,2.0
fp_jy_sychje_zb_12m_lh,0.8723,10.0
fp_xx_xychje_zb_12m_lh,0.6277,8.0
fp_xx_zyjyjezb_12m_lh,,3.0
gs_frwdx,3,5.0
gs_gdct,0,3.0
gs_gdwdx,3,6.0
lh_cylwz,4,6.0
lh_lxfybqbxse_12m,,4.0
lh_md_ppjzl,3,5.0
lh_qylx,1,
md_qybq,0,2.0
nsrsbh,91440300MA5FBPJ335,
order_no,67bfb6d2-f617-4069-99ed-46e3a5ec6e34,
sf_fh_ssqk_qy,4,10.0
sw_cwbb_chzzts_cb,111.1991,1.0
sw_cwbb_jlrzzlv,-1.9962,1.0
sw_cwbb_jzcszlv,0.4272,10.0
sw_cwbb_mlrzzlv,0.1506,3.0
sw_cwbb_sszb,0,0.0
sw_cwbb_yyzjzzts,,4.0
sw_cwbb_zcfzl,0.9715,1.0
sw_jcxx_clnx,5.15,3.0
sw_jcxx_nsrxypj,B,5.0
sw_sb_lsxs_12m,58.7546,2.0
sw_sb_nsze_zzsqysds_12m,242729.21,2.0
sw_sb_nszezzl_zzsqysds_12m_a,99999999,10.0
sw_sb_qbxse_12m,277599062.15,5.0
sw_sb_qbxsezzl_12m,-0.1097,2.0
sw_sbzs_sflhypld_12m,-0.9487,4.0
sw_sdsnb_cyrs,,1.0
sw_sdsnb_gzxjzzjezzl,0.1129,7.0
sw_sdsnb_yjfy,17440211.6,9.0
zx_dsfsxqk,0,2.0
zx_yhsxqk,0,2.0
