,0,1
apply_time,2023-12-14 02:31:45,
fp_jx_lxfy_12m,1265833.34,
fp_jx_zyjyjezb_12m_lh,,2.0
fp_jy_sychje_zb_12m_lh,0.3224,6.0
fp_xx_xychje_zb_12m_lh,0.3034,6.0
fp_xx_zyjyjezb_12m_lh,,3.0
gs_frwdx,2,4.0
gs_gdct,1,3.0
gs_gdwdx,4,8.0
lh_cylwz,0,3.0
lh_lxfybqbxse_12m,,4.0
lh_md_ppjzl,0,2.0
lh_qylx,2,
md_qybq,0,2.0
nsrsbh,91440300359085805H,
order_no,8eb1c0a2-b4d9-4139-a038-f84e72393ddf,
sf_fh_ssqk_qy,4,10.0
sw_cwbb_chzzts_cb,23.4234,10.0
sw_cwbb_jlrzzlv,0.9683,9.0
sw_cwbb_jzcszlv,0.9638,8.0
sw_cwbb_mlrzzlv,2.306,9.0
sw_cwbb_sszb,110000,1.0
sw_cwbb_yyzjzzts,,4.0
sw_cwbb_zcfzl,0.9992,1.0
sw_jcxx_clnx,8.14,5.0
sw_jcxx_nsrxypj,B,5.0
sw_sb_lsxs_12m,62.9065,2.0
sw_sb_nsze_zzsqysds_12m,1781660.4,4.0
sw_sb_nszezzl_zzsqysds_12m_a,-0.27,2.0
sw_sb_qbxse_12m,4395398359.84,10.0
sw_sb_qbxsezzl_12m,-0.6181,1.0
sw_sbzs_sflhypld_12m,-1,4.0
sw_sdsnb_cyrs,,1.0
sw_sdsnb_gzxjzzjezzl,7.4289,9.0
sw_sdsnb_yjfy,3091611.16,5.0
zx_dsfsxqk,0,2.0
zx_yhsxqk,1,8.0
