,0,1
apply_time,2023-12-14 02:31:45,
fp_jx_lxfy_12m,,
fp_jx_zyjyjezb_12m_lh,0.4003,9.0
fp_jy_sychje_zb_12m_lh,-0.2225,0.0
fp_xx_xychje_zb_12m_lh,,2.0
fp_xx_zyjyjezb_12m_lh,,3.0
gs_frwdx,4,8.0
gs_gdct,1,3.0
gs_gdwdx,4,8.0
lh_cylwz,4,6.0
lh_lxfybqbxse_12m,,4.0
lh_md_ppjzl,0,2.0
lh_qylx,1,
md_qybq,0,2.0
nsrsbh,91441900MA51UW9EX5,
order_no,98165273-286d-4fa4-9be4-a1baa8b415b3,
sf_fh_ssqk_qy,4,10.0
sw_cwbb_chzzts_cb,38.1321,7.0
sw_cwbb_jlrzzlv,-3.4782,1.0
sw_cwbb_jzcszlv,0.4028,10.0
sw_cwbb_mlrzzlv,0.3114,7.0
sw_cwbb_sszb,390000,1.0
sw_cwbb_yyzjzzts,,4.0
sw_cwbb_zcfzl,0.8595,1.0
sw_jcxx_clnx,5.11,3.0
sw_jcxx_nsrxypj,A,9.0
sw_sb_lsxs_12m,22.8942,2.0
sw_sb_nsze_zzsqysds_12m,106602.65,2.0
sw_sb_nszezzl_zzsqysds_12m_a,1.333,10.0
sw_sb_qbxse_12m,3676160.19,1.0
sw_sb_qbxsezzl_12m,1.3369,9.0
sw_sbzs_sflhypld_12m,0.5172,7.0
sw_sdsnb_cyrs,,1.0
sw_sdsnb_gzxjzzjezzl,-0.2512,2.0
sw_sdsnb_yjfy,0,2.0
zx_dsfsxqk,1,9.0
zx_yhsxqk,1,8.0
