,0,1
apply_time,2023-12-14 02:31:46,
fp_jx_lxfy_12m,,
fp_jx_zyjyjezb_12m_lh,,2.0
fp_jy_sychje_zb_12m_lh,0.7836,10.0
fp_xx_xychje_zb_12m_lh,2.2279,10.0
fp_xx_zyjyjezb_12m_lh,,3.0
gs_frwdx,3,5.0
gs_gdct,1,3.0
gs_gdwdx,3,6.0
lh_cylwz,1,10.0
lh_lxfybqbxse_12m,,4.0
lh_md_ppjzl,0,2.0
lh_qylx,2,
md_qybq,0,2.0
nsrsbh,91440300070384265G,
order_no,17341916-5a36-45e1-ad57-4abc5b43e559,
sf_fh_ssqk_qy,4,10.0
sw_cwbb_chzzts_cb,39.4629,7.0
sw_cwbb_jlrzzlv,0.9531,9.0
sw_cwbb_jzcszlv,0.8461,8.0
sw_cwbb_mlrzzlv,1.857,9.0
sw_cwbb_sszb,,1.0
sw_cwbb_yyzjzzts,,4.0
sw_cwbb_zcfzl,0.9135,1.0
sw_jcxx_clnx,10.32,7.0
sw_jcxx_nsrxypj,B,5.0
sw_sb_lsxs_12m,47.5671,2.0
sw_sb_nsze_zzsqysds_12m,95142.49,2.0
sw_sb_nszezzl_zzsqysds_12m_a,0.9922,10.0
sw_sb_qbxse_12m,32573074.49,1.0
sw_sb_qbxsezzl_12m,0.362,6.0
sw_sbzs_sflhypld_12m,-0.8175,4.0
sw_sdsnb_cyrs,,1.0
sw_sdsnb_gzxjzzjezzl,16.6783,9.0
sw_sdsnb_yjfy,1836994.55,5.0
zx_dsfsxqk,1,9.0
zx_yhsxqk,1,8.0
