,0,1
apply_time,2023-12-14 02:31:46,
fp_jx_lxfy_12m,,
fp_jx_zyjyjezb_12m_lh,,2.0
fp_jy_sychje_zb_12m_lh,,2.0
fp_xx_xychje_zb_12m_lh,2.1735,10.0
fp_xx_zyjyjezb_12m_lh,,3.0
gs_frwdx,4,8.0
gs_gdct,1,3.0
gs_gdwdx,4,8.0
lh_cylwz,1,10.0
lh_lxfybqbxse_12m,,4.0
lh_md_ppjzl,0,2.0
lh_qylx,2,
md_qybq,0,2.0
nsrsbh,91440300MA5H42A02Q,
order_no,f905be9f-5781-48b9-bc1d-f7b6a64bb271,
sf_fh_ssqk_qy,4,10.0
sw_cwbb_chzzts_cb,74.9487,3.0
sw_cwbb_jlrzzlv,-27.5875,1.0
sw_cwbb_jzcszlv,2.1627,8.0
sw_cwbb_mlrzzlv,,1.0
sw_cwbb_sszb,0,0.0
sw_cwbb_yyzjzzts,,4.0
sw_cwbb_zcfzl,0.9765,1.0
sw_jcxx_clnx,1.84,1.0
sw_jcxx_nsrxypj,B,5.0
sw_sb_lsxs_12m,37.008,2.0
sw_sb_nsze_zzsqysds_12m,219887.8,2.0
sw_sb_nszezzl_zzsqysds_12m_a,1.7745,10.0
sw_sb_qbxse_12m,30569702.81,1.0
sw_sb_qbxsezzl_12m,2.4647,9.0
sw_sbzs_sflhypld_12m,-0.6588,4.0
sw_sdsnb_cyrs,,1.0
sw_sdsnb_gzxjzzjezzl,29.75,9.0
sw_sdsnb_yjfy,0,2.0
zx_dsfsxqk,1,9.0
zx_yhsxqk,1,8.0
