,0,1
apply_time,2023-12-14 02:31:46,
fp_jx_lxfy_12m,,
fp_jx_zyjyjezb_12m_lh,,2.0
fp_jy_sychje_zb_12m_lh,,2.0
fp_xx_xychje_zb_12m_lh,1.2207,10.0
fp_xx_zyjyjezb_12m_lh,,3.0
gs_frwdx,4,8.0
gs_gdct,1,3.0
gs_gdwdx,4,8.0
lh_cylwz,1,10.0
lh_lxfybqbxse_12m,,4.0
lh_md_ppjzl,0,2.0
lh_qylx,2,
md_qybq,0,2.0
nsrsbh,91440300050466802G,
order_no,704eab39-8273-4aa0-920e-f471fdf1ef20,
sf_fh_ssqk_qy,4,10.0
sw_cwbb_chzzts_cb,20.975,10.0
sw_cwbb_jlrzzlv,0.1065,4.0
sw_cwbb_jzcszlv,0.7041,8.0
sw_cwbb_mlrzzlv,0.7385,9.0
sw_cwbb_sszb,0,0.0
sw_cwbb_yyzjzzts,,4.0
sw_cwbb_zcfzl,0.9322,1.0
sw_jcxx_clnx,11.22,7.0
sw_jcxx_nsrxypj,B,5.0
sw_sb_lsxs_12m,62.2887,2.0
sw_sb_nsze_zzsqysds_12m,1403061.44,4.0
sw_sb_nszezzl_zzsqysds_12m_a,-0.2841,2.0
sw_sb_qbxse_12m,184600154.34,5.0
sw_sb_qbxsezzl_12m,-0.1979,2.0
sw_sbzs_sflhypld_12m,0.112,9.0
sw_sdsnb_cyrs,,1.0
sw_sdsnb_gzxjzzjezzl,0.4861,11.0
sw_sdsnb_yjfy,0,2.0
zx_dsfsxqk,1,9.0
zx_yhsxqk,1,8.0
