,0,1
apply_time,2023-12-14 02:31:46,
fp_jx_lxfy_12m,,
fp_jx_zyjyjezb_12m_lh,,2.0
fp_jy_sychje_zb_12m_lh,,2.0
fp_xx_xychje_zb_12m_lh,,2.0
fp_xx_zyjyjezb_12m_lh,,3.0
gs_frwdx,1,2.0
gs_gdct,1,3.0
gs_gdwdx,4,8.0
lh_cylwz,1,10.0
lh_lxfybqbxse_12m,,4.0
lh_md_ppjzl,0,2.0
lh_qylx,2,
md_qybq,0,2.0
nsrsbh,91440300MA5HBRQJ6K,
order_no,a20ffbbc-0337-4fc3-af0b-061b1a312bdf,
sf_fh_ssqk_qy,4,10.0
sw_cwbb_chzzts_cb,,5.0
sw_cwbb_jlrzzlv,,1.0
sw_cwbb_jzcszlv,,1.0
sw_cwbb_mlrzzlv,,1.0
sw_cwbb_sszb,1,1.0
sw_cwbb_yyzjzzts,,4.0
sw_cwbb_zcfzl,0.3147,10.0
sw_jcxx_clnx,1.39,1.0
sw_jcxx_nsrxypj,M,2.0
sw_sb_lsxs_12m,76.5681,2.0
sw_sb_nsze_zzsqysds_12m,249097.62,2.0
sw_sb_nszezzl_zzsqysds_12m_a,165.6907,10.0
sw_sb_qbxse_12m,34780153.89,1.0
sw_sb_qbxsezzl_12m,32.5481,9.0
sw_sbzs_sflhypld_12m,-0.6464,4.0
sw_sdsnb_cyrs,,1.0
sw_sdsnb_gzxjzzjezzl,,2.0
sw_sdsnb_yjfy,0,2.0
zx_dsfsxqk,1,9.0
zx_yhsxqk,1,8.0
