,0,1
apply_time,2023-12-14 02:31:22,
fp_jx_lxfy_12m,,
fp_jx_zyjyjezb_12m_lh,0.2083,8.0
fp_jy_sychje_zb_12m_lh,0.6531,8.0
fp_xx_xychje_zb_12m_lh,1.1329,10.0
fp_xx_zyjyjezb_12m_lh,,3.0
gs_frwdx,1,2.0
gs_gdct,1,3.0
gs_gdwdx,4,8.0
lh_cylwz,1,10.0
lh_lxfybqbxse_12m,,4.0
lh_md_ppjzl,0,2.0
lh_qylx,1,
md_qybq,0,2.0
nsrsbh,91440300MA5FN5FY20,
order_no,6813fb5a-fc17-4f4e-80db-2dee260b18b7,
sf_fh_ssqk_qy,4,10.0
sw_cwbb_chzzts_cb,42.4374,7.0
sw_cwbb_jlrzzlv,17.4786,9.0
sw_cwbb_jzcszlv,0.4874,10.0
sw_cwbb_mlrzzlv,4.8984,9.0
sw_cwbb_sszb,5154639,3.0
sw_cwbb_yyzjzzts,,4.0
sw_cwbb_zcfzl,0.6419,5.0
sw_jcxx_clnx,3.5,3.0
sw_jcxx_nsrxypj,B,5.0
sw_sb_lsxs_12m,33.4135,2.0
sw_sb_nsze_zzsqysds_12m,706791.28,2.0
sw_sb_nszezzl_zzsqysds_12m_a,4.7736,10.0
sw_sb_qbxse_12m,72611312.77,3.0
sw_sb_qbxsezzl_12m,0.2755,6.0
sw_sbzs_sflhypld_12m,-0.648,4.0
sw_sdsnb_cyrs,,1.0
sw_sdsnb_gzxjzzjezzl,2.8864,9.0
sw_sdsnb_yjfy,3717567.92,5.0
zx_dsfsxqk,1,9.0
zx_yhsxqk,1,8.0
