,0,1
apply_time,2023-12-14 02:31:46,
fp_jx_lxfy_12m,152698.66,
fp_jx_zyjyjezb_12m_lh,0.0151,2.0
fp_jy_sychje_zb_12m_lh,0.8697,10.0
fp_xx_xychje_zb_12m_lh,,2.0
fp_xx_zyjyjezb_12m_lh,,3.0
gs_frwdx,4,8.0
gs_gdct,1,3.0
gs_gdwdx,4,8.0
lh_cylwz,1,10.0
lh_lxfybqbxse_12m,,4.0
lh_md_ppjzl,0,2.0
lh_qylx,1,
md_qybq,0,2.0
nsrsbh,91360521MA38YHLA7N,
order_no,9b815db7-2306-466f-9b3f-33977fab38c5,
sf_fh_ssqk_qy,0,5.0
sw_cwbb_chzzts_cb,13.7279,10.0
sw_cwbb_jlrzzlv,,1.0
sw_cwbb_jzcszlv,-0.0477,1.0
sw_cwbb_mlrzzlv,,1.0
sw_cwbb_sszb,140000000,10.0
sw_cwbb_yyzjzzts,,4.0
sw_cwbb_zcfzl,0.6898,5.0
sw_jcxx_clnx,4.08,3.0
sw_jcxx_nsrxypj,B,5.0
sw_sb_lsxs_12m,35.2766,2.0
sw_sb_nsze_zzsqysds_12m,2719372.02,4.0
sw_sb_nszezzl_zzsqysds_12m_a,-0.444,2.0
sw_sb_qbxse_12m,878500716.45,10.0
sw_sb_qbxsezzl_12m,-0.3002,1.0
sw_sbzs_sflhypld_12m,-0.8232,4.0
sw_sdsnb_cyrs,,1.0
sw_sdsnb_gzxjzzjezzl,-0.2525,2.0
sw_sdsnb_yjfy,39204303.59,9.0
zx_dsfsxqk,1,9.0
zx_yhsxqk,1,8.0
