,0,1
apply_time,2023-12-14 02:31:47,
fp_jx_lxfy_12m,,
fp_jx_zyjyjezb_12m_lh,,2.0
fp_jy_sychje_zb_12m_lh,1.3579,10.0
fp_xx_xychje_zb_12m_lh,1.4696,10.0
fp_xx_zyjyjezb_12m_lh,,3.0
gs_frwdx,4,8.0
gs_gdct,0,3.0
gs_gdwdx,2,4.0
lh_cylwz,1,10.0
lh_lxfybqbxse_12m,,4.0
lh_md_ppjzl,0,2.0
lh_qylx,1,
md_qybq,0,2.0
nsrsbh,91500111MA5YU65Y75,
order_no,b5dc16ef-713b-4df5-a6d6-b8415bb4d590,
sf_fh_ssqk_qy,0,5.0
sw_cwbb_chzzts_cb,28.0551,10.0
sw_cwbb_jlrzzlv,-1.5147,1.0
sw_cwbb_jzcszlv,-0.1007,1.0
sw_cwbb_mlrzzlv,-0.5561,1.0
sw_cwbb_sszb,,1.0
sw_cwbb_yyzjzzts,,4.0
sw_cwbb_zcfzl,0.6883,5.0
sw_jcxx_clnx,5.58,3.0
sw_jcxx_nsrxypj,B,5.0
sw_sb_lsxs_12m,30.2175,2.0
sw_sb_nsze_zzsqysds_12m,898937.99,2.0
sw_sb_nszezzl_zzsqysds_12m_a,-0.6992,2.0
sw_sb_qbxse_12m,3065698342.38,10.0
sw_sb_qbxsezzl_12m,0.172,5.0
sw_sbzs_sflhypld_12m,-0.9772,4.0
sw_sdsnb_cyrs,,1.0
sw_sdsnb_gzxjzzjezzl,0.0187,2.0
sw_sdsnb_yjfy,85159564.96,9.0
zx_dsfsxqk,1,9.0
zx_yhsxqk,1,8.0
