,0,1
apply_time,2023-12-14 02:31:47,
fp_jx_lxfy_12m,,
fp_jx_zyjyjezb_12m_lh,0.0672,2.0
fp_jy_sychje_zb_12m_lh,0.8515,10.0
fp_xx_xychje_zb_12m_lh,0.5925,8.0
fp_xx_zyjyjezb_12m_lh,0.0276,3.0
gs_frwdx,3,5.0
gs_gdct,1,3.0
gs_gdwdx,4,8.0
lh_cylwz,0,3.0
lh_lxfybqbxse_12m,,4.0
lh_md_ppjzl,0,2.0
lh_qylx,2,
md_qybq,0,2.0
nsrsbh,91440300MA5EE4YH1W,
order_no,bcb29b5c-f788-4cc3-85d1-9fc02bec1671,
sf_fh_ssqk_qy,0,5.0
sw_cwbb_chzzts_cb,138.9153,1.0
sw_cwbb_jlrzzlv,-1.2788,1.0
sw_cwbb_jzcszlv,-0.0329,1.0
sw_cwbb_mlrzzlv,-0.4922,1.0
sw_cwbb_sszb,1081717,1.0
sw_cwbb_yyzjzzts,,4.0
sw_cwbb_zcfzl,0.9769,1.0
sw_jcxx_clnx,6.73,5.0
sw_jcxx_nsrxypj,B,5.0
sw_sb_lsxs_12m,117.3371,2.0
sw_sb_nsze_zzsqysds_12m,127895.06,2.0
sw_sb_nszezzl_zzsqysds_12m_a,0.4675,10.0
sw_sb_qbxse_12m,37811493.06,1.0
sw_sb_qbxsezzl_12m,-0.2666,1.0
sw_sbzs_sflhypld_12m,-0.6346,4.0
sw_sdsnb_cyrs,,1.0
sw_sdsnb_gzxjzzjezzl,-0.0996,2.0
sw_sdsnb_yjfy,0,2.0
zx_dsfsxqk,1,9.0
zx_yhsxqk,1,8.0
