,0,1
apply_time,2023-12-14 02:31:47,
fp_jx_lxfy_12m,,
fp_jx_zyjyjezb_12m_lh,,2.0
fp_jy_sychje_zb_12m_lh,,2.0
fp_xx_xychje_zb_12m_lh,,2.0
fp_xx_zyjyjezb_12m_lh,,3.0
gs_frwdx,2,4.0
gs_gdct,1,3.0
gs_gdwdx,4,8.0
lh_cylwz,1,10.0
lh_lxfybqbxse_12m,,4.0
lh_md_ppjzl,0,2.0
lh_qylx,1,
md_qybq,0,2.0
nsrsbh,91440300MA5GN66Y9C,
order_no,d502351d-ee37-44f5-8214-ef79acae3d81,
sf_fh_ssqk_qy,4,10.0
sw_cwbb_chzzts_cb,0.7892,10.0
sw_cwbb_jlrzzlv,6.3697,9.0
sw_cwbb_jzcszlv,0.2111,10.0
sw_cwbb_mlrzzlv,5.2275,9.0
sw_cwbb_sszb,7650000,3.0
sw_cwbb_yyzjzzts,,4.0
sw_cwbb_zcfzl,0.5925,7.0
sw_jcxx_clnx,2.74,1.0
sw_jcxx_nsrxypj,B,5.0
sw_sb_lsxs_12m,105.3573,2.0
sw_sb_nsze_zzsqysds_12m,106062.27,2.0
sw_sb_nszezzl_zzsqysds_12m_a,15.9377,10.0
sw_sb_qbxse_12m,86444511.81,3.0
sw_sb_qbxsezzl_12m,0.5228,9.0
sw_sbzs_sflhypld_12m,-0.9772,4.0
sw_sdsnb_cyrs,,1.0
sw_sdsnb_gzxjzzjezzl,7.6046,9.0
sw_sdsnb_yjfy,,2.0
zx_dsfsxqk,1,9.0
zx_yhsxqk,1,8.0
