,0,1
apply_time,2023-12-14 02:31:22,
fp_jx_lxfy_12m,,
fp_jx_zyjyjezb_12m_lh,0.1995,8.0
fp_jy_sychje_zb_12m_lh,0.9753,10.0
fp_xx_xychje_zb_12m_lh,1.6733,10.0
fp_xx_zyjyjezb_12m_lh,,3.0
gs_frwdx,1,2.0
gs_gdct,1,3.0
gs_gdwdx,4,8.0
lh_cylwz,1,10.0
lh_lxfybqbxse_12m,,4.0
lh_md_ppjzl,0,2.0
lh_qylx,1,
md_qybq,0,2.0
nsrsbh,91440300MA5FN5FY20,
order_no,05d8c72a-62c4-4759-87b4-850d66b7018b,
sf_fh_ssqk_qy,4,10.0
sw_cwbb_chzzts_cb,64.9755,3.0
sw_cwbb_jlrzzlv,-0.6863,1.0
sw_cwbb_jzcszlv,0.0601,2.0
sw_cwbb_mlrzzlv,-0.0148,1.0
sw_cwbb_sszb,8591065,3.0
sw_cwbb_yyzjzzts,,4.0
sw_cwbb_zcfzl,0.5994,7.0
sw_jcxx_clnx,4.13,3.0
sw_jcxx_nsrxypj,A,9.0
sw_sb_lsxs_12m,36.9932,2.0
sw_sb_nsze_zzsqysds_12m,423837.84,2.0
sw_sb_nszezzl_zzsqysds_12m_a,0.19,8.0
sw_sb_qbxse_12m,78239785.33,3.0
sw_sb_qbxsezzl_12m,0.2709,6.0
sw_sbzs_sflhypld_12m,-0.7075,4.0
sw_sdsnb_cyrs,,1.0
sw_sdsnb_gzxjzzjezzl,0.0426,2.0
sw_sdsnb_yjfy,5033723.07,7.0
zx_dsfsxqk,1,9.0
zx_yhsxqk,1,8.0
