,0,1
apply_time,2023-12-14 02:31:22,
fp_jx_lxfy_12m,,
fp_jx_zyjyjezb_12m_lh,,2.0
fp_jy_sychje_zb_12m_lh,0.7171,10.0
fp_xx_xychje_zb_12m_lh,0.7117,10.0
fp_xx_zyjyjezb_12m_lh,,3.0
gs_frwdx,4,8.0
gs_gdct,1,3.0
gs_gdwdx,3,6.0
lh_cylwz,1,10.0
lh_lxfybqbxse_12m,,4.0
lh_md_ppjzl,3,5.0
lh_qylx,1,
md_qybq,0,2.0
nsrsbh,91440300693964493K,
order_no,041fb599-6f08-4b9d-b4fb-1ad396cd0f05,
sf_fh_ssqk_qy,4,10.0
sw_cwbb_chzzts_cb,19.1859,10.0
sw_cwbb_jlrzzlv,-4.1437,1.0
sw_cwbb_jzcszlv,0.0357,2.0
sw_cwbb_mlrzzlv,0.0182,3.0
sw_cwbb_sszb,55555600,10.0
sw_cwbb_yyzjzzts,,4.0
sw_cwbb_zcfzl,0.7776,3.0
sw_jcxx_clnx,13.87,7.0
sw_jcxx_nsrxypj,A,9.0
sw_sb_lsxs_12m,56.0057,2.0
sw_sb_nsze_zzsqysds_12m,14151205.91,10.0
sw_sb_nszezzl_zzsqysds_12m_a,0.1427,8.0
sw_sb_qbxse_12m,1767659626.97,10.0
sw_sb_qbxsezzl_12m,-0.1107,2.0
sw_sbzs_sflhypld_12m,-0.6121,4.0
sw_sdsnb_cyrs,,1.0
sw_sdsnb_gzxjzzjezzl,0.2811,11.0
sw_sdsnb_yjfy,67471015.57,9.0
zx_dsfsxqk,1,9.0
zx_yhsxqk,1,8.0
