,0,1
apply_time,2023-12-14 02:31:23,
fp_jx_lxfy_12m,,
fp_jx_zyjyjezb_12m_lh,,2.0
fp_jy_sychje_zb_12m_lh,2.2842,10.0
fp_xx_xychje_zb_12m_lh,,2.0
fp_xx_zyjyjezb_12m_lh,,3.0
gs_frwdx,3,5.0
gs_gdct,1,3.0
gs_gdwdx,4,8.0
lh_cylwz,1,10.0
lh_lxfybqbxse_12m,,4.0
lh_md_ppjzl,0,2.0
lh_qylx,1,
md_qybq,0,2.0
nsrsbh,91510500MA67CPNH38,
order_no,55c01f05-3ac6-4075-82fb-f4073030f1f7,
sf_fh_ssqk_qy,4,10.0
sw_cwbb_chzzts_cb,52.5021,5.0
sw_cwbb_jlrzzlv,4.8013,9.0
sw_cwbb_jzcszlv,0.1141,8.0
sw_cwbb_mlrzzlv,3.4613,9.0
sw_cwbb_sszb,100000000,10.0
sw_cwbb_yyzjzzts,,4.0
sw_cwbb_zcfzl,0.5733,7.0
sw_jcxx_clnx,6.13,5.0
sw_jcxx_nsrxypj,A,9.0
sw_sb_lsxs_12m,66.8565,2.0
sw_sb_nsze_zzsqysds_12m,28515973.98,10.0
sw_sb_nszezzl_zzsqysds_12m_a,3.4248,10.0
sw_sb_qbxse_12m,1927654062.95,10.0
sw_sb_qbxsezzl_12m,0.8399,9.0
sw_sbzs_sflhypld_12m,-0.4296,9.0
sw_sdsnb_cyrs,,1.0
sw_sdsnb_gzxjzzjezzl,0.2844,11.0
sw_sdsnb_yjfy,27540416.31,9.0
zx_dsfsxqk,1,9.0
zx_yhsxqk,1,8.0
