,0,1
apply_time,2023-12-14 02:31:23,
fp_jx_lxfy_12m,1179354.45,
fp_jx_zyjyjezb_12m_lh,,2.0
fp_jy_sychje_zb_12m_lh,0.7244,10.0
fp_xx_xychje_zb_12m_lh,1.0037,10.0
fp_xx_zyjyjezb_12m_lh,,3.0
gs_frwdx,4,8.0
gs_gdct,1,3.0
gs_gdwdx,3,6.0
lh_cylwz,1,10.0
lh_lxfybqbxse_12m,,4.0
lh_md_ppjzl,0,2.0
lh_qylx,1,
md_qybq,0,2.0
nsrsbh,91420500MA48B1ALXL,
order_no,1c856436-5200-4e7e-8a91-ed6028ab0fac,
sf_fh_ssqk_qy,4,10.0
sw_cwbb_chzzts_cb,86.7478,3.0
sw_cwbb_jlrzzlv,-2.9201,1.0
sw_cwbb_jzcszlv,-0.211,1.0
sw_cwbb_mlrzzlv,-0.1976,1.0
sw_cwbb_sszb,19000000,5.0
sw_cwbb_yyzjzzts,,4.0
sw_cwbb_zcfzl,0.9209,1.0
sw_jcxx_clnx,,1.0
sw_jcxx_nsrxypj,A,9.0
sw_sb_lsxs_12m,10.0543,2.0
sw_sb_nsze_zzsqysds_12m,5421461.11,6.0
sw_sb_nszezzl_zzsqysds_12m_a,0.3791,10.0
sw_sb_qbxse_12m,781908889.56,10.0
sw_sb_qbxsezzl_12m,-0.2418,1.0
sw_sbzs_sflhypld_12m,-0.6064,4.0
sw_sdsnb_cyrs,,1.0
sw_sdsnb_gzxjzzjezzl,-0.2413,2.0
sw_sdsnb_yjfy,17480900.59,9.0
zx_dsfsxqk,1,9.0
zx_yhsxqk,1,8.0
