,0,1
apply_time,2023-12-14 02:31:23,
fp_jx_lxfy_12m,519800,
fp_jx_zyjyjezb_12m_lh,0.0194,2.0
fp_jy_sychje_zb_12m_lh,0.8391,10.0
fp_xx_xychje_zb_12m_lh,,2.0
fp_xx_zyjyjezb_12m_lh,,3.0
gs_frwdx,4,8.0
gs_gdct,1,3.0
gs_gdwdx,3,6.0
lh_cylwz,1,10.0
lh_lxfybqbxse_12m,,4.0
lh_md_ppjzl,0,2.0
lh_qylx,1,
md_qybq,0,2.0
nsrsbh,914505003273593227,
order_no,89c2af09-4cbe-4572-8fba-164c1d622c5f,
sf_fh_ssqk_qy,0,5.0
sw_cwbb_chzzts_cb,78.4187,3.0
sw_cwbb_jlrzzlv,-8.4165,1.0
sw_cwbb_jzcszlv,-0.2133,1.0
sw_cwbb_mlrzzlv,-0.5362,1.0
sw_cwbb_sszb,,1.0
sw_cwbb_yyzjzzts,,4.0
sw_cwbb_zcfzl,0.874,1.0
sw_jcxx_clnx,8.15,5.0
sw_jcxx_nsrxypj,A,9.0
sw_sb_lsxs_12m,24.9739,2.0
sw_sb_nsze_zzsqysds_12m,0,2.0
sw_sb_nszezzl_zzsqysds_12m_a,-1,2.0
sw_sb_qbxse_12m,344310744.13,7.0
sw_sb_qbxsezzl_12m,-0.2712,1.0
sw_sbzs_sflhypld_12m,-1,4.0
sw_sdsnb_cyrs,,1.0
sw_sdsnb_gzxjzzjezzl,-0.4954,2.0
sw_sdsnb_yjfy,16863901.51,9.0
zx_dsfsxqk,1,9.0
zx_yhsxqk,1,8.0
