,0,1
apply_time,2023-12-14 02:31:23,
fp_jx_lxfy_12m,,
fp_jx_zyjyjezb_12m_lh,0.0601,2.0
fp_jy_sychje_zb_12m_lh,1.103,10.0
fp_xx_xychje_zb_12m_lh,,2.0
fp_xx_zyjyjezb_12m_lh,,3.0
gs_frwdx,4,8.0
gs_gdct,1,3.0
gs_gdwdx,4,8.0
lh_cylwz,1,10.0
lh_lxfybqbxse_12m,,4.0
lh_md_ppjzl,0,2.0
lh_qylx,1,
md_qybq,0,2.0
nsrsbh,91440300085707442K,
order_no,8935ecfc-7bb5-454a-a1cf-775d83fa1d3f,
sf_fh_ssqk_qy,4,10.0
sw_cwbb_chzzts_cb,70.106,3.0
sw_cwbb_jlrzzlv,0.7877,9.0
sw_cwbb_jzcszlv,1.1645,8.0
sw_cwbb_mlrzzlv,0.2433,5.0
sw_cwbb_sszb,10000000,3.0
sw_cwbb_yyzjzzts,,4.0
sw_cwbb_zcfzl,0.7899,3.0
sw_jcxx_clnx,9.41,5.0
sw_jcxx_nsrxypj,A,9.0
sw_sb_lsxs_12m,25.7788,2.0
sw_sb_nsze_zzsqysds_12m,0,2.0
sw_sb_nszezzl_zzsqysds_12m_a,0,2.0
sw_sb_qbxse_12m,1230723804.02,10.0
sw_sb_qbxsezzl_12m,0.3553,6.0
sw_sbzs_sflhypld_12m,-1,4.0
sw_sdsnb_cyrs,,1.0
sw_sdsnb_gzxjzzjezzl,0.3473,11.0
sw_sdsnb_yjfy,50130315.04,9.0
zx_dsfsxqk,1,9.0
zx_yhsxqk,1,8.0
