,0,1
apply_time,2023-12-14 02:31:24,
fp_jx_lxfy_12m,,
fp_jx_zyjyjezb_12m_lh,0.254,8.0
fp_jy_sychje_zb_12m_lh,0.8984,10.0
fp_xx_xychje_zb_12m_lh,1.0553,10.0
fp_xx_zyjyjezb_12m_lh,0.0423,3.0
gs_frwdx,2,4.0
gs_gdct,1,3.0
gs_gdwdx,4,8.0
lh_cylwz,1,10.0
lh_lxfybqbxse_12m,,4.0
lh_md_ppjzl,0,2.0
lh_qylx,1,
md_qybq,0,2.0
nsrsbh,914403000944108271,
order_no,34f49218-f880-4f37-beae-2ea6824d16d2,
sf_fh_ssqk_qy,4,10.0
sw_cwbb_chzzts_cb,68.5047,3.0
sw_cwbb_jlrzzlv,-0.2277,1.0
sw_cwbb_jzcszlv,0.222,10.0
sw_cwbb_mlrzzlv,0.0512,3.0
sw_cwbb_sszb,20000000,5.0
sw_cwbb_yyzjzzts,,4.0
sw_cwbb_zcfzl,0.6602,5.0
sw_jcxx_clnx,9.04,5.0
sw_jcxx_nsrxypj,B,5.0
sw_sb_lsxs_12m,17.908,2.0
sw_sb_nsze_zzsqysds_12m,3585038.58,6.0
sw_sb_nszezzl_zzsqysds_12m_a,-0.6953,2.0
sw_sb_qbxse_12m,1080489725.51,10.0
sw_sb_qbxsezzl_12m,0.1091,5.0
sw_sbzs_sflhypld_12m,-0.8403,4.0
sw_sdsnb_cyrs,,1.0
sw_sdsnb_gzxjzzjezzl,0.9237,9.0
sw_sdsnb_yjfy,39508599.88,9.0
zx_dsfsxqk,1,9.0
zx_yhsxqk,1,8.0
