,0,1
apply_time,2023-12-14 02:31:24,
fp_jx_lxfy_12m,,
fp_jx_zyjyjezb_12m_lh,0.2555,8.0
fp_jy_sychje_zb_12m_lh,0.5036,8.0
fp_xx_xychje_zb_12m_lh,0.6137,8.0
fp_xx_zyjyjezb_12m_lh,0.0525,3.0
gs_frwdx,2,4.0
gs_gdct,1,3.0
gs_gdwdx,4,8.0
lh_cylwz,5,5.0
lh_lxfybqbxse_12m,,4.0
lh_md_ppjzl,0,2.0
lh_qylx,2,
md_qybq,0,2.0
nsrsbh,914403000944108271,
order_no,7eb902a6-fcdc-4759-8756-4ff4d3cd187c,
sf_fh_ssqk_qy,4,10.0
sw_cwbb_chzzts_cb,68.5369,3.0
sw_cwbb_jlrzzlv,-0.3211,1.0
sw_cwbb_jzcszlv,0.2008,10.0
sw_cwbb_mlrzzlv,0.0387,3.0
sw_cwbb_sszb,20000000,5.0
sw_cwbb_yyzjzzts,,4.0
sw_cwbb_zcfzl,0.6932,5.0
sw_jcxx_clnx,9.58,5.0
sw_jcxx_nsrxypj,B,5.0
sw_sb_lsxs_12m,18.9234,2.0
sw_sb_nsze_zzsqysds_12m,5007638.5,6.0
sw_sb_nszezzl_zzsqysds_12m_a,-0.3651,2.0
sw_sb_qbxse_12m,1159666717.05,10.0
sw_sb_qbxsezzl_12m,0.0323,5.0
sw_sbzs_sflhypld_12m,-0.7433,4.0
sw_sdsnb_cyrs,,1.0
sw_sdsnb_gzxjzzjezzl,0.3275,11.0
sw_sdsnb_yjfy,47870665.39,9.0
zx_dsfsxqk,3,6.0
zx_yhsxqk,1,8.0
