,0,1
apply_time,2023-12-14 02:31:25,
fp_jx_lxfy_12m,255536.34,
fp_jx_zyjyjezb_12m_lh,,2.0
fp_jy_sychje_zb_12m_lh,,2.0
fp_xx_xychje_zb_12m_lh,1.2904,10.0
fp_xx_zyjyjezb_12m_lh,,3.0
gs_frwdx,4,8.0
gs_gdct,1,3.0
gs_gdwdx,4,8.0
lh_cylwz,1,10.0
lh_lxfybqbxse_12m,,4.0
lh_md_ppjzl,0,2.0
lh_qylx,1,
md_qybq,0,2.0
nsrsbh,91440300MA5EPKGM1K,
order_no,9161a535-aba1-4cfa-bbac-b57034c43c07,
sf_fh_ssqk_qy,4,10.0
sw_cwbb_chzzts_cb,158.4545,1.0
sw_cwbb_jlrzzlv,-1.0002,1.0
sw_cwbb_jzcszlv,0.0001,2.0
sw_cwbb_mlrzzlv,1.0826,9.0
sw_cwbb_sszb,3000000,1.0
sw_cwbb_yyzjzzts,,4.0
sw_cwbb_zcfzl,0.9095,1.0
sw_jcxx_clnx,6.19,5.0
sw_jcxx_nsrxypj,B,5.0
sw_sb_lsxs_12m,35.6795,2.0
sw_sb_nsze_zzsqysds_12m,893026.82,2.0
sw_sb_nszezzl_zzsqysds_12m_a,2.8067,10.0
sw_sb_qbxse_12m,37770761.94,1.0
sw_sb_qbxsezzl_12m,-0.0364,2.0
sw_sbzs_sflhypld_12m,0.2782,9.0
sw_sdsnb_cyrs,,1.0
sw_sdsnb_gzxjzzjezzl,0.1195,7.0
sw_sdsnb_yjfy,252426.04,2.0
zx_dsfsxqk,1,9.0
zx_yhsxqk,1,8.0
