,0,1
apply_time,2023-12-14 02:31:25,
fp_jx_lxfy_12m,121330.31,
fp_jx_zyjyjezb_12m_lh,,2.0
fp_jy_sychje_zb_12m_lh,,2.0
fp_xx_xychje_zb_12m_lh,,2.0
fp_xx_zyjyjezb_12m_lh,,3.0
gs_frwdx,4,8.0
gs_gdct,0,3.0
gs_gdwdx,4,8.0
lh_cylwz,0,3.0
lh_lxfybqbxse_12m,,4.0
lh_md_ppjzl,0,2.0
lh_qylx,2,
md_qybq,0,2.0
nsrsbh,91440300MA5EPKGM1K,
order_no,341608c8-7a36-48e3-8437-5c863359c1bd,
sf_fh_ssqk_qy,4,10.0
sw_cwbb_chzzts_cb,79.1534,3.0
sw_cwbb_jlrzzlv,-1.6795,1.0
sw_cwbb_jzcszlv,-0.4816,1.0
sw_cwbb_mlrzzlv,-0.7819,1.0
sw_cwbb_sszb,3000000,1.0
sw_cwbb_yyzjzzts,,4.0
sw_cwbb_zcfzl,0.8354,1.0
sw_jcxx_clnx,5.3,3.0
sw_jcxx_nsrxypj,B,5.0
sw_sb_lsxs_12m,40.588,2.0
sw_sb_nsze_zzsqysds_12m,125341.81,2.0
sw_sb_nszezzl_zzsqysds_12m_a,-0.7479,2.0
sw_sb_qbxse_12m,38615273.27,1.0
sw_sb_qbxsezzl_12m,0.0764,5.0
sw_sbzs_sflhypld_12m,-0.7942,4.0
sw_sdsnb_cyrs,,1.0
sw_sdsnb_gzxjzzjezzl,99999999,9.0
sw_sdsnb_yjfy,,2.0
zx_dsfsxqk,0,2.0
zx_yhsxqk,0,2.0
