,0,1
apply_time,2023-12-14 02:31:25,
fp_jx_lxfy_12m,21535.88,
fp_jx_zyjyjezb_12m_lh,,2.0
fp_jy_sychje_zb_12m_lh,0.2883,4.0
fp_xx_xychje_zb_12m_lh,0.5849,8.0
fp_xx_zyjyjezb_12m_lh,0.0652,3.0
gs_frwdx,2,4.0
gs_gdct,1,3.0
gs_gdwdx,4,8.0
lh_cylwz,0,3.0
lh_lxfybqbxse_12m,,4.0
lh_md_ppjzl,0,2.0
lh_qylx,2,
md_qybq,0,2.0
nsrsbh,914403000703938666,
order_no,313d3f53-8e61-4791-b3c7-98df1790b915,
sf_fh_ssqk_qy,4,10.0
sw_cwbb_chzzts_cb,64.025,3.0
sw_cwbb_jlrzzlv,-1.5518,1.0
sw_cwbb_jzcszlv,-0.1297,1.0
sw_cwbb_mlrzzlv,-0.2138,1.0
sw_cwbb_sszb,4649803.35,3.0
sw_cwbb_yyzjzzts,,4.0
sw_cwbb_zcfzl,0.8169,1.0
sw_jcxx_clnx,10.3,7.0
sw_jcxx_nsrxypj,B,5.0
sw_sb_lsxs_12m,29.4315,2.0
sw_sb_nsze_zzsqysds_12m,774873.4,2.0
sw_sb_nszezzl_zzsqysds_12m_a,-0.4083,2.0
sw_sb_qbxse_12m,77232773.62,3.0
sw_sb_qbxsezzl_12m,-0.4002,1.0
sw_sbzs_sflhypld_12m,-0.4584,9.0
sw_sdsnb_cyrs,,1.0
sw_sdsnb_gzxjzzjezzl,0.0959,2.0
sw_sdsnb_yjfy,5810179.91,7.0
zx_dsfsxqk,1,9.0
zx_yhsxqk,1,8.0
