,0,1
apply_time,2023-12-14 02:31:26,
fp_jx_lxfy_12m,,
fp_jx_zyjyjezb_12m_lh,,2.0
fp_jy_sychje_zb_12m_lh,0.9878,10.0
fp_xx_xychje_zb_12m_lh,,2.0
fp_xx_zyjyjezb_12m_lh,,3.0
gs_frwdx,4,8.0
gs_gdct,0,3.0
gs_gdwdx,4,8.0
lh_cylwz,2,8.0
lh_lxfybqbxse_12m,,4.0
lh_md_ppjzl,0,2.0
lh_qylx,1,
md_qybq,0,2.0
nsrsbh,914403000504565240,
order_no,66902403-6af1-4dd5-a844-83ddf3548139,
sf_fh_ssqk_qy,4,10.0
sw_cwbb_chzzts_cb,289.1547,1.0
sw_cwbb_jlrzzlv,-5.1187,1.0
sw_cwbb_jzcszlv,-0.8457,1.0
sw_cwbb_mlrzzlv,-0.4191,1.0
sw_cwbb_sszb,4500000,3.0
sw_cwbb_yyzjzzts,,4.0
sw_cwbb_zcfzl,0.943,1.0
sw_jcxx_clnx,11.07,7.0
sw_jcxx_nsrxypj,B,5.0
sw_sb_lsxs_12m,45.7478,2.0
sw_sb_nsze_zzsqysds_12m,0,2.0
sw_sb_nszezzl_zzsqysds_12m_a,0,2.0
sw_sb_qbxse_12m,42943135.87,1.0
sw_sb_qbxsezzl_12m,-0.1156,2.0
sw_sbzs_sflhypld_12m,-1,4.0
sw_sdsnb_cyrs,,1.0
sw_sdsnb_gzxjzzjezzl,0.0099,2.0
sw_sdsnb_yjfy,3662366.06,5.0
zx_dsfsxqk,0,2.0
zx_yhsxqk,0,2.0
