,0,1
apply_time,2023-12-14 02:31:26,
fp_jx_lxfy_12m,,
fp_jx_zyjyjezb_12m_lh,,2.0
fp_jy_sychje_zb_12m_lh,6.6604,10.0
fp_xx_xychje_zb_12m_lh,,2.0
fp_xx_zyjyjezb_12m_lh,,3.0
gs_frwdx,3,5.0
gs_gdct,1,3.0
gs_gdwdx,4,8.0
lh_cylwz,2,8.0
lh_lxfybqbxse_12m,,4.0
lh_md_ppjzl,0,2.0
lh_qylx,1,
md_qybq,0,2.0
nsrsbh,91510500MA67CPNH38,
order_no,0d1fd7fc-6652-46ed-88b0-b854940262db,
sf_fh_ssqk_qy,4,10.0
sw_cwbb_chzzts_cb,50.8229,5.0
sw_cwbb_jlrzzlv,1.9114,9.0
sw_cwbb_jzcszlv,0.0592,2.0
sw_cwbb_mlrzzlv,2.8483,9.0
sw_cwbb_sszb,,1.0
sw_cwbb_yyzjzzts,,4.0
sw_cwbb_zcfzl,0.5688,7.0
sw_jcxx_clnx,5.57,3.0
sw_jcxx_nsrxypj,B,5.0
sw_sb_lsxs_12m,38.1602,2.0
sw_sb_nsze_zzsqysds_12m,5689663.66,6.0
sw_sb_nszezzl_zzsqysds_12m_a,-0.2264,2.0
sw_sb_qbxse_12m,1036098383.39,10.0
sw_sb_qbxsezzl_12m,0.2431,6.0
sw_sbzs_sflhypld_12m,-0.6178,4.0
sw_sdsnb_cyrs,,1.0
sw_sdsnb_gzxjzzjezzl,-0.0065,2.0
sw_sdsnb_yjfy,10891066.5,9.0
zx_dsfsxqk,0,2.0
zx_yhsxqk,0,2.0
