,0,1
apply_time,2023-12-14 02:31:26,
fp_jx_lxfy_12m,,
fp_jx_zyjyjezb_12m_lh,,2.0
fp_jy_sychje_zb_12m_lh,0.943,10.0
fp_xx_xychje_zb_12m_lh,1.0734,10.0
fp_xx_zyjyjezb_12m_lh,,3.0
gs_frwdx,4,8.0
gs_gdct,1,3.0
gs_gdwdx,3,6.0
lh_cylwz,2,8.0
lh_lxfybqbxse_12m,,4.0
lh_md_ppjzl,3,5.0
lh_qylx,1,
md_qybq,0,2.0
nsrsbh,91440300693964493K,
order_no,8dabdf38-4367-46fa-8b00-9a9f75035d95,
sf_fh_ssqk_qy,4,10.0
sw_cwbb_chzzts_cb,19.1859,10.0
sw_cwbb_jlrzzlv,-3.8992,1.0
sw_cwbb_jzcszlv,0.0333,2.0
sw_cwbb_mlrzzlv,0.0182,3.0
sw_cwbb_sszb,,1.0
sw_cwbb_yyzjzzts,,4.0
sw_cwbb_zcfzl,0.7826,3.0
sw_jcxx_clnx,13.55,7.0
sw_jcxx_nsrxypj,B,5.0
sw_sb_lsxs_12m,55.399,2.0
sw_sb_nsze_zzsqysds_12m,8678567.71,8.0
sw_sb_nszezzl_zzsqysds_12m_a,-0.4288,2.0
sw_sb_qbxse_12m,1514143046.84,10.0
sw_sb_qbxsezzl_12m,-0.2014,1.0
sw_sbzs_sflhypld_12m,-0.7091,4.0
sw_sdsnb_cyrs,,1.0
sw_sdsnb_gzxjzzjezzl,-0.3436,2.0
sw_sdsnb_yjfy,69932404.05,9.0
zx_dsfsxqk,1,9.0
zx_yhsxqk,1,8.0
