,0,1
apply_time,2023-12-14 02:31:26,
fp_jx_lxfy_12m,,
fp_jx_zyjyjezb_12m_lh,0.4926,9.0
fp_jy_sychje_zb_12m_lh,0.8787,10.0
fp_xx_xychje_zb_12m_lh,1.0336,10.0
fp_xx_zyjyjezb_12m_lh,,3.0
gs_frwdx,2,4.0
gs_gdct,1,3.0
gs_gdwdx,4,8.0
lh_cylwz,5,5.0
lh_lxfybqbxse_12m,,4.0
lh_md_ppjzl,0,2.0
lh_qylx,2,
md_qybq,0,2.0
nsrsbh,91330108MA27WX9X9M,
order_no,26543ef6-ae7f-43f5-bc2f-59bd8a0e3e52,
sf_fh_ssqk_qy,4,10.0
sw_cwbb_chzzts_cb,63.0997,3.0
sw_cwbb_jlrzzlv,-0.6066,1.0
sw_cwbb_jzcszlv,0.1399,8.0
sw_cwbb_mlrzzlv,-0.1827,1.0
sw_cwbb_sszb,,1.0
sw_cwbb_yyzjzzts,,4.0
sw_cwbb_zcfzl,0.7513,3.0
sw_jcxx_clnx,7.12,5.0
sw_jcxx_nsrxypj,B,5.0
sw_sb_lsxs_12m,39.5812,2.0
sw_sb_nsze_zzsqysds_12m,777187.86,2.0
sw_sb_nszezzl_zzsqysds_12m_a,0.2343,10.0
sw_sb_qbxse_12m,104661618.68,5.0
sw_sb_qbxsezzl_12m,0.0706,5.0
sw_sbzs_sflhypld_12m,-0.5938,4.0
sw_sdsnb_cyrs,,1.0
sw_sdsnb_gzxjzzjezzl,,2.0
sw_sdsnb_yjfy,,2.0
zx_dsfsxqk,0,2.0
zx_yhsxqk,2,7.0
