,0,1
apply_time,2023-12-14 02:31:26,
fp_jx_lxfy_12m,,
fp_jx_zyjyjezb_12m_lh,,2.0
fp_jy_sychje_zb_12m_lh,13.1838,10.0
fp_xx_xychje_zb_12m_lh,,2.0
fp_xx_zyjyjezb_12m_lh,,3.0
gs_frwdx,4,8.0
gs_gdct,1,3.0
gs_gdwdx,4,8.0
lh_cylwz,5,5.0
lh_lxfybqbxse_12m,,4.0
lh_md_ppjzl,0,2.0
lh_qylx,2,
md_qybq,0,2.0
nsrsbh,91440300MA5GQ2RBX5,
order_no,62bd4140-3c76-4c78-b1dd-d87d521bd7d0,
sf_fh_ssqk_qy,4,10.0
sw_cwbb_chzzts_cb,14.0509,10.0
sw_cwbb_jlrzzlv,-1.036,1.0
sw_cwbb_jzcszlv,0.0029,2.0
sw_cwbb_mlrzzlv,,1.0
sw_cwbb_sszb,,1.0
sw_cwbb_yyzjzzts,,4.0
sw_cwbb_zcfzl,0.5517,7.0
sw_jcxx_clnx,1.96,1.0
sw_jcxx_nsrxypj,M,2.0
sw_sb_lsxs_12m,58.8815,2.0
sw_sb_nsze_zzsqysds_12m,99095.59,2.0
sw_sb_nszezzl_zzsqysds_12m_a,99999999,10.0
sw_sb_qbxse_12m,31683103.51,1.0
sw_sb_qbxsezzl_12m,3744.7517,9.0
sw_sbzs_sflhypld_12m,-0.5075,4.0
sw_sdsnb_cyrs,,1.0
sw_sdsnb_gzxjzzjezzl,,2.0
sw_sdsnb_yjfy,,2.0
zx_dsfsxqk,0,2.0
zx_yhsxqk,1,8.0
