,0,1
apply_time,2023-12-14 02:31:27,
fp_jx_lxfy_12m,,
fp_jx_zyjyjezb_12m_lh,,2.0
fp_jy_sychje_zb_12m_lh,0.5106,8.0
fp_xx_xychje_zb_12m_lh,1.2701,10.0
fp_xx_zyjyjezb_12m_lh,0.0535,3.0
gs_frwdx,4,8.0
gs_gdct,1,3.0
gs_gdwdx,4,8.0
lh_cylwz,5,5.0
lh_lxfybqbxse_12m,,4.0
lh_md_ppjzl,0,2.0
lh_qylx,2,
md_qybq,0,2.0
nsrsbh,91440300MA5GQ2RBX5,
order_no,78ab340c-20ee-4e45-a824-f935e961f0d6,
sf_fh_ssqk_qy,4,10.0
sw_cwbb_chzzts_cb,14.0509,10.0
sw_cwbb_jlrzzlv,-0.5959,1.0
sw_cwbb_jzcszlv,-0.0336,1.0
sw_cwbb_mlrzzlv,,1.0
sw_cwbb_sszb,5000000,3.0
sw_cwbb_yyzjzzts,,4.0
sw_cwbb_zcfzl,0.2061,10.0
sw_jcxx_clnx,2.49,1.0
sw_jcxx_nsrxypj,B,5.0
sw_sb_lsxs_12m,47.5092,2.0
sw_sb_nsze_zzsqysds_12m,234686.85,2.0
sw_sb_nszezzl_zzsqysds_12m_a,99999999,10.0
sw_sb_qbxse_12m,29823430.36,1.0
sw_sb_qbxsezzl_12m,1.0677,9.0
sw_sbzs_sflhypld_12m,0.2073,9.0
sw_sdsnb_cyrs,,1.0
sw_sdsnb_gzxjzzjezzl,7.0495,9.0
sw_sdsnb_yjfy,0,2.0
zx_dsfsxqk,0,2.0
zx_yhsxqk,1,8.0
