,0,1
apply_time,2023-12-14 02:31:20,
fp_jx_lxfy_12m,,
fp_jx_zyjyjezb_12m_lh,,2.0
fp_jy_sychje_zb_12m_lh,2.0103,10.0
fp_xx_xychje_zb_12m_lh,8.4516,10.0
fp_xx_zyjyjezb_12m_lh,,3.0
gs_frwdx,2,4.0
gs_gdct,1,3.0
gs_gdwdx,4,8.0
lh_cylwz,4,6.0
lh_lxfybqbxse_12m,,4.0
lh_md_ppjzl,0,2.0
lh_qylx,1,
md_qybq,0,2.0
nsrsbh,91440300MA5ET9NG98,
order_no,5f717f26-f3f7-4e6f-8625-7c0dfe56a7bb,
sf_fh_ssqk_qy,4,10.0
sw_cwbb_chzzts_cb,55.6682,5.0
sw_cwbb_jlrzzlv,0.3312,7.0
sw_cwbb_jzcszlv,1.1824,8.0
sw_cwbb_mlrzzlv,0.7807,9.0
sw_cwbb_sszb,0,0.0
sw_cwbb_yyzjzzts,,4.0
sw_cwbb_zcfzl,0.9908,1.0
sw_jcxx_clnx,5.91,3.0
sw_jcxx_nsrxypj,B,5.0
sw_sb_lsxs_12m,67.9501,2.0
sw_sb_nsze_zzsqysds_12m,1426383.39,4.0
sw_sb_nszezzl_zzsqysds_12m_a,16.1181,10.0
sw_sb_qbxse_12m,389269860.45,7.0
sw_sb_qbxsezzl_12m,4.0079,9.0
sw_sbzs_sflhypld_12m,-0.789,4.0
sw_sdsnb_cyrs,,1.0
sw_sdsnb_gzxjzzjezzl,14.2747,9.0
sw_sdsnb_yjfy,4368055.8,5.0
zx_dsfsxqk,0,2.0
zx_yhsxqk,4,4.0
