,0,1
apply_time,2023-12-14 02:31:27,
fp_jx_lxfy_12m,,
fp_jx_zyjyjezb_12m_lh,,2.0
fp_jy_sychje_zb_12m_lh,1.0932,10.0
fp_xx_xychje_zb_12m_lh,1.7405,10.0
fp_xx_zyjyjezb_12m_lh,,3.0
gs_frwdx,4,8.0
gs_gdct,1,3.0
gs_gdwdx,4,8.0
lh_cylwz,2,8.0
lh_lxfybqbxse_12m,,4.0
lh_md_ppjzl,0,2.0
lh_qylx,1,
md_qybq,0,2.0
nsrsbh,91440300691177752R,
order_no,cbadf9b2-9448-4ed7-9e55-e61e59703d44,
sf_fh_ssqk_qy,4,10.0
sw_cwbb_chzzts_cb,17.4331,10.0
sw_cwbb_jlrzzlv,-0.2792,1.0
sw_cwbb_jzcszlv,0.2311,10.0
sw_cwbb_mlrzzlv,0.4135,7.0
sw_cwbb_sszb,5000000,3.0
sw_cwbb_yyzjzzts,,4.0
sw_cwbb_zcfzl,0.6496,5.0
sw_jcxx_clnx,13.41,7.0
sw_jcxx_nsrxypj,B,5.0
sw_sb_lsxs_12m,31.5542,2.0
sw_sb_nsze_zzsqysds_12m,9045084.84,8.0
sw_sb_nszezzl_zzsqysds_12m_a,0.2174,10.0
sw_sb_qbxse_12m,882251580.74,10.0
sw_sb_qbxsezzl_12m,0.2443,6.0
sw_sbzs_sflhypld_12m,-0.4125,9.0
sw_sdsnb_cyrs,,1.0
sw_sdsnb_gzxjzzjezzl,-0.097,2.0
sw_sdsnb_yjfy,39916181.21,9.0
zx_dsfsxqk,0,2.0
zx_yhsxqk,2,7.0
