id,scorecard_id,field,agg_field,pattern,expr,score,level,comment,status_code,created_at,updated_at,deleted_at,created_by,updated_by
470271246890708118,470269276289576086,sw_jcxx_clnx,sw_jcxx_clnx,default,None,1.0000000000,1,空 ,,2023-07-20 14:05:06.208,2023-07-20 14:05:06.208,,,
470271246890773654,470269276289576086,sw_jcxx_clnx,sw_jcxx_clnx,inRange,"(0,3]",1.0000000000,1,<=3年,,2023-07-20 14:05:06.223,2023-07-20 14:05:06.223,,,
470271246890839190,470269276289576086,sw_jcxx_clnx,sw_jcxx_clnx,inRange,"(3,6]",3.0000000000,1,（3，6年],,2023-07-20 14:05:06.233,2023-07-20 14:05:06.233,,,
470271246890904726,470269276289576086,sw_jcxx_clnx,sw_jcxx_clnx,inRange,"(6,10]",5.0000000000,1,（6，10年],,2023-07-20 14:05:06.245,2023-07-20 14:05:06.245,,,
470271246890970262,470269276289576086,sw_jcxx_clnx,sw_jcxx_clnx,inRange,"(10,15]",7.0000000000,1,（10，15年],,2023-07-20 14:05:06.255,2023-07-20 14:05:06.255,,,
470271246891035798,470269276289576086,sw_jcxx_clnx,sw_jcxx_clnx,inRange,"(15,inf]",10.0000000000,1,>15年,,2023-07-20 14:05:06.264,2023-07-20 14:05:06.264,,,
470271246891101334,470269276289576086,sw_cwbb_sszb,sw_cwbb_sszb,default,None,1.0000000000,1,空 ,,2023-07-20 14:05:06.274,2023-07-20 14:05:06.274,,,
470271246891166870,470269276289576086,sw_cwbb_sszb,sw_cwbb_sszb,inRange,"(0,3000000]",1.0000000000,1,<=300万,,2023-07-20 14:05:06.283,2023-07-20 14:05:06.283,,,
470271246891232406,470269276289576086,sw_cwbb_sszb,sw_cwbb_sszb,inRange,"(3000000,10000000]",3.0000000000,1,（300万，1000万],,2023-07-20 14:05:06.293,2023-07-20 14:05:06.293,,,
470271246891297942,470269276289576086,sw_cwbb_sszb,sw_cwbb_sszb,inRange,"(10000000,30000000]",5.0000000000,1,（1000万，3000万],,2023-07-20 14:05:06.303,2023-07-20 14:05:06.303,,,
470271246891363478,470269276289576086,sw_cwbb_sszb,sw_cwbb_sszb,inRange,"(30000000,50000000]",7.0000000000,1,（3000万，5000万],,2023-07-20 14:05:06.315,2023-07-20 14:05:06.315,,,
470271246891429014,470269276289576086,sw_cwbb_sszb,sw_cwbb_sszb,inRange,"(50000000,inf]",10.0000000000,1,>5000万,,2023-07-20 14:05:06.327,2023-07-20 14:05:06.327,,,
470271246891494550,470269276289576086,sw_sdsnb_cyrs,sw_sdsnb_cyrs,default,None,1.0000000000,1,空 ,,2023-07-20 14:05:06.338,2023-07-20 14:05:06.338,,,
470271246891560086,470269276289576086,sw_sdsnb_cyrs,sw_sdsnb_cyrs,inRange,"(0,100]",1.0000000000,1,<=100,,2023-07-20 14:05:06.351,2023-07-20 14:05:06.351,,,
470271246891625622,470269276289576086,sw_sdsnb_cyrs,sw_sdsnb_cyrs,inRange,"(100,200]",1.0000000000,1,（100，200],,2023-07-20 14:05:06.361,2023-07-20 14:05:06.361,,,
470271246891691158,470269276289576086,sw_sdsnb_cyrs,sw_sdsnb_cyrs,inRange,"(200,500]",3.0000000000,1,（200，500],,2023-07-20 14:05:06.370,2023-07-20 14:05:06.370,,,
470271246891756694,470269276289576086,sw_sdsnb_cyrs,sw_sdsnb_cyrs,inRange,"(500,1000]",5.0000000000,1,（500，1000],,2023-07-20 14:05:06.380,2023-07-20 14:05:06.380,,,
470271246891822230,470269276289576086,sw_sdsnb_cyrs,sw_sdsnb_cyrs,inRange,"(1000,2000]",7.0000000000,1,（1000，2000],,2023-07-20 14:05:06.391,2023-07-20 14:05:06.391,,,
470271246891887766,470269276289576086,sw_sdsnb_cyrs,sw_sdsnb_cyrs,inRange,"(2000,inf]",10.0000000000,1,>2000,,2023-07-20 14:05:06.401,2023-07-20 14:05:06.401,,,
470271246891953302,470269276289576086,gs_gdct,gs_gdct,default,None,3.0000000000,1,空 ,,2023-07-20 14:05:06.413,2023-07-20 14:05:06.413,,,
470271246892018838,470269276289576086,gs_gdct,gs_gdct,exact,0,3.0000000000,1,其他,,2023-07-20 14:05:06.425,2023-07-20 14:05:06.425,,,
470271246892084374,470269276289576086,gs_gdct,gs_gdct,exact,1,3.0000000000,1,股东代持，或股东有负面信息,,2023-07-20 14:05:06.442,2023-07-20 14:05:06.442,,,
470271246892149910,470269276289576086,gs_gdct,gs_gdct,exact,2,3.0000000000,1,第一大股东为自然人,,2023-07-20 14:05:06.452,2023-07-20 14:05:06.452,,,
470271246892215446,470269276289576086,gs_gdct,gs_gdct,exact,3,4.0000000000,1,股东为实控人，股东无其他负面信息,,2023-07-20 14:05:06.463,2023-07-20 14:05:06.463,,,
470271246892280982,470269276289576086,gs_gdct,gs_gdct,exact,4,8.0000000000,1,股东中包含知名基金公司投资,,2023-07-20 14:05:06.473,2023-07-20 14:05:06.473,,,
470271246892346518,470269276289576086,gs_gdct,gs_gdct,exact,5,10.0000000000,1,上市公司，国内500强,,2023-07-20 14:05:06.483,2023-07-20 14:05:06.483,,,
470271246892412054,470269276289576086,gs_gdwdx,gs_gdwdx,default,None,4.0000000000,1,空 ,,2023-07-20 14:05:06.492,2023-07-20 14:05:06.492,,,
470271246892477590,470269276289576086,gs_gdwdx,gs_gdwdx,exact,0,4.0000000000,1,其他,,2023-07-20 14:05:06.503,2023-07-20 14:05:06.503,,,
470271246892543126,470269276289576086,gs_gdwdx,gs_gdwdx,exact,1,2.0000000000,1,近1年股东变更（控股50%以上变动）,,2023-07-20 14:05:06.515,2023-07-20 14:05:06.515,,,
470271246892608662,470269276289576086,gs_gdwdx,gs_gdwdx,exact,2,4.0000000000,1,近2-3年股东变更（控股50%以上变动）,,2023-07-20 14:05:06.526,2023-07-20 14:05:06.526,,,
470271246892674198,470269276289576086,gs_gdwdx,gs_gdwdx,exact,3,6.0000000000,1,近3年内未发生股东变更,,2023-07-20 14:05:06.535,2023-07-20 14:05:06.535,,,
470271246892739734,470269276289576086,gs_gdwdx,gs_gdwdx,exact,4,8.0000000000,1,近5年内未发生股东变更,,2023-07-20 14:05:06.546,2023-07-20 14:05:06.546,,,
470271246892805270,470269276289576086,gs_frwdx,gs_frwdx,default,None,5.0000000000,1,空 ,,2023-07-20 14:05:06.556,2023-07-20 14:05:06.556,,,
470271246892870806,470269276289576086,gs_frwdx,gs_frwdx,exact,0,5.0000000000,1,其他,,2023-07-20 14:05:06.567,2023-07-20 14:05:06.567,,,
470271246892936342,470269276289576086,gs_frwdx,gs_frwdx,exact,1,2.0000000000,1,近1年法人变更,,2023-07-20 14:05:06.577,2023-07-20 14:05:06.577,,,
470271246893001878,470269276289576086,gs_frwdx,gs_frwdx,exact,2,4.0000000000,1,近2-3年法人变更,,2023-07-20 14:05:06.586,2023-07-20 14:05:06.586,,,
470271246893067414,470269276289576086,gs_frwdx,gs_frwdx,exact,3,5.0000000000,1,3年内未发生法人变更,,2023-07-20 14:05:06.597,2023-07-20 14:05:06.597,,,
470271246893132950,470269276289576086,gs_frwdx,gs_frwdx,exact,4,8.0000000000,1,5年内未发生法人变更,,2023-07-20 14:05:06.607,2023-07-20 14:05:06.607,,,
470271246893198486,470269276289576086,lh_cylwz,lh_cylwz,default,None,3.0000000000,1,空 ,,2023-07-20 14:05:06.620,2023-07-20 14:05:06.620,,,
470271246893264022,470269276289576086,lh_cylwz,lh_cylwz,exact,0,3.0000000000,1,贸易商、其他,,2023-07-20 14:05:06.638,2023-07-20 14:05:06.638,,,
470271246893329558,470269276289576086,lh_cylwz,lh_cylwz,exact,1,10.0000000000,1,研发,,2023-07-20 14:05:06.651,2023-07-20 14:05:06.651,,,
470271246893395094,470269276289576086,lh_cylwz,lh_cylwz,exact,2,8.0000000000,1,方案设计,,2023-07-20 14:05:06.662,2023-07-20 14:05:06.662,,,
470271246893460630,470269276289576086,lh_cylwz,lh_cylwz,exact,3,7.0000000000,1,品牌商,,2023-07-20 14:05:06.673,2023-07-20 14:05:06.673,,,
470271246893526166,470269276289576086,lh_cylwz,lh_cylwz,exact,4,6.0000000000,1,生产制造,,2023-07-20 14:05:06.687,2023-07-20 14:05:06.687,,,
470271246893591702,470269276289576086,lh_cylwz,lh_cylwz,exact,5,5.0000000000,1,代理商,,2023-07-20 14:05:06.699,2023-07-20 14:05:06.699,,,
470271246893657238,470269276289576086,lh_cylwz,lh_cylwz,exact,6,4.0000000000,1,装配加工,,2023-07-20 14:05:06.713,2023-07-20 14:05:06.713,,,
470271246893722774,470269276289576086,lh_md_ppjzl,lh_md_ppjzl,default,None,2.0000000000,1,空 ,,2023-07-20 14:05:06.722,2023-07-20 14:05:06.722,,,
470271246893788310,470269276289576086,lh_md_ppjzl,lh_md_ppjzl,exact,0,2.0000000000,1,其他,,2023-07-20 14:05:06.731,2023-07-20 14:05:06.731,,,
470271246893853846,470269276289576086,lh_md_ppjzl,lh_md_ppjzl,exact,1,8.0000000000,1,知名品牌,,2023-07-20 14:05:06.740,2023-07-20 14:05:06.740,,,
470271246893919382,470269276289576086,lh_md_ppjzl,lh_md_ppjzl,exact,2,7.0000000000,1,专精特新,,2023-07-20 14:05:06.750,2023-07-20 14:05:06.750,,,
470271246893984918,470269276289576086,lh_md_ppjzl,lh_md_ppjzl,exact,3,5.0000000000,1,高新,,2023-07-20 14:05:06.759,2023-07-20 14:05:06.759,,,
470271246894050454,470269276289576086,md_qybq,md_qybq,default,None,2.0000000000,1,空 ,,2023-07-20 14:05:06.769,2023-07-20 14:05:06.769,,,
470271246894115990,470269276289576086,md_qybq,md_qybq,exact,0,2.0000000000,1,其他,,2023-07-20 14:05:06.778,2023-07-20 14:05:06.778,,,
470271246894181526,470269276289576086,md_qybq,md_qybq,exact,5,2.0000000000,1,民企,,2023-07-20 14:05:06.790,2023-07-20 14:05:06.790,,,
470271246894247062,470269276289576086,md_qybq,md_qybq,exact,4,7.0000000000,1,上市公司，国内500强,,2023-07-20 14:05:06.800,2023-07-20 14:05:06.800,,,
470271246894312598,470269276289576086,md_qybq,md_qybq,exact,3,9.0000000000,1,行业头部（白名单）,,2023-07-20 14:05:06.808,2023-07-20 14:05:06.808,,,
470271246894378134,470269276289576086,md_qybq,md_qybq,exact,2,9.0000000000,1,独角兽,,2023-07-20 14:05:06.816,2023-07-20 14:05:06.816,,,
470271246894443670,470269276289576086,md_qybq,md_qybq,exact,1,10.0000000000,1,国企央企,,2023-07-20 14:05:06.825,2023-07-20 14:05:06.825,,,
470271246894509206,470269276289576086,fp_jy_sychje_zb_12m_lh,fp_jy_sychje_zb_12m_lh,default,None,2.0000000000,1,空 ,,2023-07-20 14:05:06.836,2023-07-20 14:05:06.836,,,
470271246894574742,470269276289576086,fp_jy_sychje_zb_12m_lh,fp_jy_sychje_zb_12m_lh,inRange,"(0,0.10]",2.0000000000,1,<=10%,,2023-07-20 14:05:06.847,2023-07-20 14:05:06.847,,,
470271246894640278,470269276289576086,fp_jy_sychje_zb_12m_lh,fp_jy_sychje_zb_12m_lh,inRange,"(0.10,0.30]",4.0000000000,1,"(10%,30%]",,2023-07-20 14:05:06.858,2023-07-20 14:05:06.858,,,
470271246894705814,470269276289576086,fp_jy_sychje_zb_12m_lh,fp_jy_sychje_zb_12m_lh,inRange,"(0.30,0.50]",6.0000000000,1,"(30%,50%]",,2023-07-20 14:05:06.866,2023-07-20 14:05:06.866,,,
470271246894771350,470269276289576086,fp_jy_sychje_zb_12m_lh,fp_jy_sychje_zb_12m_lh,inRange,"(0.50,0.70]",8.0000000000,1,"(50%,70%]",,2023-07-20 14:05:06.875,2023-07-20 14:05:06.875,,,
470271246894836886,470269276289576086,fp_jy_sychje_zb_12m_lh,fp_jy_sychje_zb_12m_lh,inRange,"(0.70,inf]",10.0000000000,1,>=70%,,2023-07-20 14:05:06.884,2023-07-20 14:05:06.884,,,
470271246894902422,470269276289576086,fp_jx_zyjyjezb_12m_lh,fp_jx_zyjyjezb_12m_lh,default,None,2.0000000000,1,空 ,,2023-07-20 14:05:06.893,2023-07-20 14:05:06.893,,,
470271246894967958,470269276289576086,fp_jx_zyjyjezb_12m_lh,fp_jx_zyjyjezb_12m_lh,inRange,"(0,0.5]",2.0000000000,1,<=5%,,2023-07-20 14:05:06.906,2023-07-20 14:05:06.906,,,
470271246895033494,470269276289576086,fp_jx_zyjyjezb_12m_lh,fp_jx_zyjyjezb_12m_lh,inRange,"(0.5,0.10]",4.0000000000,1,"(5%,10%]",,2023-07-20 14:05:06.915,2023-07-20 14:05:06.915,,,
470271246895099030,470269276289576086,fp_jx_zyjyjezb_12m_lh,fp_jx_zyjyjezb_12m_lh,inRange,"(0.10,0.30]",6.0000000000,1,"(10%,30%]",,2023-07-20 14:05:06.924,2023-07-20 14:05:06.924,,,
470271246895164566,470269276289576086,fp_jx_zyjyjezb_12m_lh,fp_jx_zyjyjezb_12m_lh,inRange,"(0.30,0.50]",7.0000000000,1,"(30%,50%]",,2023-07-20 14:05:06.934,2023-07-20 14:05:06.934,,,
470271246895230102,470269276289576086,fp_jx_zyjyjezb_12m_lh,fp_jx_zyjyjezb_12m_lh,inRange,"(0.50,inf]",10.0000000000,1,"(50%,100%]",,2023-07-20 14:05:06.946,2023-07-20 14:05:06.946,,,
470271246895295638,470269276289576086,fp_xx_xychje_zb_12m_lh,fp_xx_xychje_zb_12m_lh,default,None,2.0000000000,1,空 ,,2023-07-20 14:05:06.958,2023-07-20 14:05:06.958,,,
470271246895361174,470269276289576086,fp_xx_xychje_zb_12m_lh,fp_xx_xychje_zb_12m_lh,inRange,"(0,0.10]",2.0000000000,1,<=10%,,2023-07-20 14:05:06.969,2023-07-20 14:05:06.969,,,
470271246895426710,470269276289576086,fp_xx_xychje_zb_12m_lh,fp_xx_xychje_zb_12m_lh,inRange,"(0.10,0.30]",4.0000000000,1,"(10%,30%]",,2023-07-20 14:05:06.982,2023-07-20 14:05:06.982,,,
470271246895492246,470269276289576086,fp_xx_xychje_zb_12m_lh,fp_xx_xychje_zb_12m_lh,inRange,"(0.30,0.50]",6.0000000000,1,"(30%,50%]",,2023-07-20 14:05:06.992,2023-07-20 14:05:06.992,,,
470271246895557782,470269276289576086,fp_xx_xychje_zb_12m_lh,fp_xx_xychje_zb_12m_lh,inRange,"(0.50,0.70]",8.0000000000,1,"(50%,70%]",,2023-07-20 14:05:07.006,2023-07-20 14:05:07.006,,,
470271246895623318,470269276289576086,fp_xx_xychje_zb_12m_lh,fp_xx_xychje_zb_12m_lh,inRange,"(0.70,inf]",10.0000000000,1,>=70%,,2023-07-20 14:05:07.020,2023-07-20 14:05:07.020,,,
470271246895688854,470269276289576086,fp_xx_zyjyjezb_12m_lh,fp_xx_zyjyjezb_12m_lh,default,None,3.0000000000,1,空 ,,2023-07-20 14:05:07.029,2023-07-20 14:05:07.029,,,
470271246895754390,470269276289576086,fp_xx_zyjyjezb_12m_lh,fp_xx_zyjyjezb_12m_lh,inRange,"(0,0.5]",3.0000000000,1,<=5%,,2023-07-20 14:05:07.043,2023-07-20 14:05:07.043,,,
470271246895819926,470269276289576086,fp_xx_zyjyjezb_12m_lh,fp_xx_zyjyjezb_12m_lh,inRange,"(0.5,0.10]",5.0000000000,1,"(5%,10%]",,2023-07-20 14:05:07.054,2023-07-20 14:05:07.054,,,
470271246895885462,470269276289576086,fp_xx_zyjyjezb_12m_lh,fp_xx_zyjyjezb_12m_lh,inRange,"(0.10,0.30]",6.0000000000,1,"(10%,30%]",,2023-07-20 14:05:07.068,2023-07-20 14:05:07.068,,,
470271246895950998,470269276289576086,fp_xx_zyjyjezb_12m_lh,fp_xx_zyjyjezb_12m_lh,inRange,"(0.30,0.50]",7.0000000000,1,"(30%,50%]",,2023-07-20 14:05:07.080,2023-07-20 14:05:07.080,,,
470271246896016534,470269276289576086,fp_xx_zyjyjezb_12m_lh,fp_xx_zyjyjezb_12m_lh,inRange,"(0.50,inf]",10.0000000000,1,"(50%,100%]",,2023-07-20 14:05:07.090,2023-07-20 14:05:07.090,,,
470271246896082070,470269276289576086,sw_sb_qbxse_12m,sw_sb_qbxse_12m,default,None,1.0000000000,1,空 ,,2023-07-20 14:05:07.099,2023-07-20 14:05:07.099,,,
470271246896147606,470269276289576086,sw_sb_qbxse_12m,sw_sb_qbxse_12m,inRange,"(0,50000000]",1.0000000000,1,<=5000万,,2023-07-20 14:05:07.109,2023-07-20 14:05:07.109,,,
470271246896213142,470269276289576086,sw_sb_qbxse_12m,sw_sb_qbxse_12m,inRange,"(50000000,100000000]",3.0000000000,1,(5000万-1亿],,2023-07-20 14:05:07.125,2023-07-20 14:05:07.125,,,
470271246896278678,470269276289576086,sw_sb_qbxse_12m,sw_sb_qbxse_12m,inRange,"(100000000,300000000]",5.0000000000,1,(1亿-3亿],,2023-07-20 14:05:07.135,2023-07-20 14:05:07.135,,,
470271246896344214,470269276289576086,sw_sb_qbxse_12m,sw_sb_qbxse_12m,inRange,"(300000000,500000000]",7.0000000000,1,(3亿-5亿],,2023-07-20 14:05:07.143,2023-07-20 14:05:07.143,,,
470271246896409750,470269276289576086,sw_sb_qbxse_12m,sw_sb_qbxse_12m,inRange,"(500000000,inf]",10.0000000000,1,>5亿,,2023-07-20 14:05:07.156,2023-07-20 14:05:07.156,,,
470271246896475286,470269276289576086,sw_sb_qbxsezzl_12m,sw_sb_qbxsezzl_12m,default,None,1.0000000000,1,空 ,,2023-07-20 14:05:07.167,2023-07-20 14:05:07.167,,,
470271246896540822,470269276289576086,sw_sb_qbxsezzl_12m,sw_sb_qbxsezzl_12m,inRange,"(-inf,-0.20]",1.0000000000,1,<-20%,,2023-07-20 14:05:07.178,2023-07-20 14:05:07.178,,,
470271246896606358,470269276289576086,sw_sb_qbxsezzl_12m,sw_sb_qbxsezzl_12m,inRange,"(-0.20,0]",2.0000000000,1,"(-20%,0]",,2023-07-20 14:05:07.190,2023-07-20 14:05:07.190,,,
470271246896671894,470269276289576086,sw_sb_qbxsezzl_12m,sw_sb_qbxsezzl_12m,inRange,"(0,0.20]",5.0000000000,1,"(0,20%]",,2023-07-20 14:05:07.199,2023-07-20 14:05:07.199,,,
470271246896737430,470269276289576086,sw_sb_qbxsezzl_12m,sw_sb_qbxsezzl_12m,inRange,"(0.20,0.50]",6.0000000000,1,"(20%,50%]",,2023-07-20 14:05:07.208,2023-07-20 14:05:07.208,,,
470271246896802966,470269276289576086,sw_sb_qbxsezzl_12m,sw_sb_qbxsezzl_12m,inRange,"(0.50,inf]",9.0000000000,1,>50%,,2023-07-20 14:05:07.217,2023-07-20 14:05:07.217,,,
470271246896868502,470269276289576086,sw_sb_lsxs_12m,sw_sb_lsxs_12m,default,None,4.0000000000,1,空 ,,2023-07-20 14:05:07.227,2023-07-20 14:05:07.227,,,
470271246896934038,470269276289576086,sw_sb_lsxs_12m,sw_sb_lsxs_12m,inRange,"(0,0.2]",8.0000000000,1,"(0,0.2]",,2023-07-20 14:05:07.236,2023-07-20 14:05:07.236,,,
470271246896999574,470269276289576086,sw_sb_lsxs_12m,sw_sb_lsxs_12m,inRange,"(0.2,0.3]",5.0000000000,1,"(0.2,0.3]",,2023-07-20 14:05:07.257,2023-07-20 14:05:07.257,,,
470271246897065110,470269276289576086,sw_sb_lsxs_12m,sw_sb_lsxs_12m,inRange,"(0.3,0.5]",4.0000000000,1,"(0.3,0.5]",,2023-07-20 14:05:07.265,2023-07-20 14:05:07.266,,,
470271246897130646,470269276289576086,sw_sb_lsxs_12m,sw_sb_lsxs_12m,inRange,"(0.5,0.6]",3.0000000000,1,"(0.5,0.6]",,2023-07-20 14:05:07.277,2023-07-20 14:05:07.277,,,
470271246897196182,470269276289576086,sw_sb_lsxs_12m,sw_sb_lsxs_12m,inRange,"(0.6,inf]",2.0000000000,1,>0.6,,2023-07-20 14:05:07.287,2023-07-20 14:05:07.287,,,
470271246897261718,470269276289576086,sw_cwbb_yyzjzzts,sw_cwbb_yyzjzzts,default,None,4.0000000000,1,空 ,,2023-07-20 14:05:07.303,2023-07-20 14:05:07.303,,,
470271246897327254,470269276289576086,sw_cwbb_yyzjzzts,sw_cwbb_yyzjzzts,inRange,"(-inf,15]",2.0000000000,1,＜15天,,2023-07-20 14:05:07.318,2023-07-20 14:05:07.318,,,
470271246897392790,470269276289576086,sw_cwbb_yyzjzzts,sw_cwbb_yyzjzzts,inRange,"(15,45]",9.0000000000,1,"(15天,45天]",,2023-07-20 14:05:07.331,2023-07-20 14:05:07.331,,,
470271246897458326,470269276289576086,sw_cwbb_yyzjzzts,sw_cwbb_yyzjzzts,inRange,"(45,90]",6.0000000000,1,"(45天,90天]",,2023-07-20 14:05:07.340,2023-07-20 14:05:07.340,,,
470271246897523862,470269276289576086,sw_cwbb_yyzjzzts,sw_cwbb_yyzjzzts,inRange,"(90,120]",4.0000000000,1,"(90天,120天]",,2023-07-20 14:05:07.354,2023-07-20 14:05:07.354,,,
470271246897589398,470269276289576086,sw_cwbb_yyzjzzts,sw_cwbb_yyzjzzts,inRange,"(120,inf]",2.0000000000,1,>120天,,2023-07-20 14:05:07.364,2023-07-20 14:05:07.365,,,
470271246897654934,470269276289576086,sw_cwbb_chzzts_cb,sw_cwbb_chzzts_cb,default,None,5.0000000000,1,空 ,,2023-07-20 14:05:07.376,2023-07-20 14:05:07.376,,,
470271246897720470,470269276289576086,sw_cwbb_chzzts_cb,sw_cwbb_chzzts_cb,inRange,"(-inf,0]",5.0000000000,1,<=0,,2023-07-20 14:05:07.386,2023-07-20 14:05:07.386,,,
470271246897786006,470269276289576086,sw_cwbb_chzzts_cb,sw_cwbb_chzzts_cb,inRange,"(0,30]",10.0000000000,1,"(0天,30天]",,2023-07-20 14:05:07.396,2023-07-20 14:05:07.396,,,
470271246897851542,470269276289576086,sw_cwbb_chzzts_cb,sw_cwbb_chzzts_cb,inRange,"(30,45]",7.0000000000,1,"(30天,45天]",,2023-07-20 14:05:07.407,2023-07-20 14:05:07.407,,,
470271246897917078,470269276289576086,sw_cwbb_chzzts_cb,sw_cwbb_chzzts_cb,inRange,"(45,60]",5.0000000000,1,"(45天,60天]",,2023-07-20 14:05:07.416,2023-07-20 14:05:07.416,,,
470271246897982614,470269276289576086,sw_cwbb_chzzts_cb,sw_cwbb_chzzts_cb,inRange,"(60,90]",3.0000000000,1,"(60天,90天]",,2023-07-20 14:05:07.427,2023-07-20 14:05:07.427,,,
470271246898048150,470269276289576086,sw_cwbb_chzzts_cb,sw_cwbb_chzzts_cb,inRange,"(90,inf]",1.0000000000,1,>90天,,2023-07-20 14:05:07.439,2023-07-20 14:05:07.439,,,
470271246898113686,470269276289576086,sw_cwbb_zcfzl,sw_cwbb_zcfzl,default,None,3.0000000000,1,空 ,,2023-07-20 14:05:07.451,2023-07-20 14:05:07.451,,,
470271246898179222,470269276289576086,sw_cwbb_zcfzl,sw_cwbb_zcfzl,inRange,"(-inf,0]",3.0000000000,1,<=0,,2023-07-20 14:05:07.464,2023-07-20 14:05:07.464,,,
470271246898244758,470269276289576086,sw_cwbb_zcfzl,sw_cwbb_zcfzl,inRange,"(0,0.50]",10.0000000000,1,"(0,50%]",,2023-07-20 14:05:07.472,2023-07-20 14:05:07.472,,,
470271246898310294,470269276289576086,sw_cwbb_zcfzl,sw_cwbb_zcfzl,inRange,"(0.50,0.60]",7.0000000000,1,"(50%,60%]",,2023-07-20 14:05:07.483,2023-07-20 14:05:07.483,,,
470271246898375830,470269276289576086,sw_cwbb_zcfzl,sw_cwbb_zcfzl,inRange,"(0.60,0.70]",5.0000000000,1,"(60%,70%]",,2023-07-20 14:05:07.494,2023-07-20 14:05:07.494,,,
470271246898441366,470269276289576086,sw_cwbb_zcfzl,sw_cwbb_zcfzl,inRange,"(0.70,0.80]",3.0000000000,1,"(70%,80%]",,2023-07-20 14:05:07.504,2023-07-20 14:05:07.504,,,
470271246898506902,470269276289576086,sw_cwbb_zcfzl,sw_cwbb_zcfzl,inRange,"(0.80,0.90]",1.0000000000,1,"(80%,90%]",,2023-07-20 14:05:07.514,2023-07-20 14:05:07.514,,,
470271246898572438,470269276289576086,sw_cwbb_zcfzl,sw_cwbb_zcfzl,inRange,"(0.90,inf]",1.0000000000,1,>90%,,2023-07-20 14:05:07.531,2023-07-20 14:05:07.531,,,
470271246898637974,470269276289576086,sw_cwbb_mlrzzlv,sw_cwbb_mlrzzlv,default,None,1.0000000000,1,空 ,,2023-07-20 14:05:07.539,2023-07-20 14:05:07.539,,,
470271246898703510,470269276289576086,sw_cwbb_mlrzzlv,sw_cwbb_mlrzzlv,inRange,"(-inf,0]",1.0000000000,1,<=0,,2023-07-20 14:05:07.548,2023-07-20 14:05:07.548,,,
470271246898769046,470269276289576086,sw_cwbb_mlrzzlv,sw_cwbb_mlrzzlv,inRange,"(0,0.20]",3.0000000000,1,"(0,20%]",,2023-07-20 14:05:07.559,2023-07-20 14:05:07.559,,,
470271246898834582,470269276289576086,sw_cwbb_mlrzzlv,sw_cwbb_mlrzzlv,inRange,"(0.20,0.30]",5.0000000000,1,"(20%,30%]",,2023-07-20 14:05:07.569,2023-07-20 14:05:07.569,,,
470271246898900118,470269276289576086,sw_cwbb_mlrzzlv,sw_cwbb_mlrzzlv,inRange,"(0.30,0.50]",7.0000000000,1,"(30%,50%]",,2023-07-20 14:05:07.579,2023-07-20 14:05:07.579,,,
470271246898965654,470269276289576086,sw_cwbb_mlrzzlv,sw_cwbb_mlrzzlv,inRange,"(0.50,inf]",9.0000000000,1,>=50%,,2023-07-20 14:05:07.588,2023-07-20 14:05:07.588,,,
470271246899031190,470269276289576086,sw_cwbb_jlrzzlv,sw_cwbb_jlrzzlv,default,None,1.0000000000,1,空 ,,2023-07-20 14:05:07.598,2023-07-20 14:05:07.598,,,
470271246899096726,470269276289576086,sw_cwbb_jlrzzlv,sw_cwbb_jlrzzlv,inRange,"(-inf,0]",1.0000000000,1,<=0,,2023-07-20 14:05:07.609,2023-07-20 14:05:07.609,,,
470271246899162262,470269276289576086,sw_cwbb_jlrzzlv,sw_cwbb_jlrzzlv,inRange,"(0,0.20]",4.0000000000,1,"(0%,20%]",,2023-07-20 14:05:07.618,2023-07-20 14:05:07.618,,,
470271246899227798,470269276289576086,sw_cwbb_jlrzzlv,sw_cwbb_jlrzzlv,inRange,"(0.20,0.30]",5.0000000000,1,"(20%,30%]",,2023-07-20 14:05:07.628,2023-07-20 14:05:07.628,,,
470271246899293334,470269276289576086,sw_cwbb_jlrzzlv,sw_cwbb_jlrzzlv,inRange,"(0.30,0.50]",7.0000000000,1,"(30%,50%]",,2023-07-20 14:05:07.640,2023-07-20 14:05:07.640,,,
470271246899358870,470269276289576086,sw_cwbb_jlrzzlv,sw_cwbb_jlrzzlv,inRange,"(0.50,inf]",9.0000000000,1,>50%,,2023-07-20 14:05:07.648,2023-07-20 14:05:07.648,,,
470271246899424406,470269276289576086,sw_cwbb_jzcszlv,sw_cwbb_jzcszlv,default,None,1.0000000000,1,空 ,,2023-07-20 14:05:07.663,2023-07-20 14:05:07.663,,,
470271246899489942,470269276289576086,sw_cwbb_jzcszlv,sw_cwbb_jzcszlv,inRange,"(-inf,0]",1.0000000000,1,<=0,,2023-07-20 14:05:07.675,2023-07-20 14:05:07.675,,,
470271246899555478,470269276289576086,sw_cwbb_jzcszlv,sw_cwbb_jzcszlv,inRange,"(0,0.5]",2.0000000000,1,"(0,5%]",,2023-07-20 14:05:07.686,2023-07-20 14:05:07.686,,,
470271246899621014,470269276289576086,sw_cwbb_jzcszlv,sw_cwbb_jzcszlv,inRange,"(0.5,0.10]",4.0000000000,1,"(5%,10%]",,2023-07-20 14:05:07.695,2023-07-20 14:05:07.695,,,
470271246899686550,470269276289576086,sw_cwbb_jzcszlv,sw_cwbb_jzcszlv,inRange,"(0.10,0.20]",6.0000000000,1,"(10%,20%]",,2023-07-20 14:05:07.707,2023-07-20 14:05:07.707,,,
470271246899752086,470269276289576086,sw_cwbb_jzcszlv,sw_cwbb_jzcszlv,inRange,"(0.20,inf]",8.0000000000,1,>20%,,2023-07-20 14:05:07.718,2023-07-20 14:05:07.718,,,
470271246899817622,470269276289576086,sw_sb_nsze_zzsqysds_12m,sw_sb_nsze_zzsqysds_12m,default,None,2.0000000000,1,空 ,,2023-07-20 14:05:07.729,2023-07-20 14:05:07.729,,,
470271246899883158,470269276289576086,sw_sb_nsze_zzsqysds_12m,sw_sb_nsze_zzsqysds_12m,inRange,"(-inf,1000000]",2.0000000000,1,<=100万,,2023-07-20 14:05:07.742,2023-07-20 14:05:07.742,,,
470271246899948694,470269276289576086,sw_sb_nsze_zzsqysds_12m,sw_sb_nsze_zzsqysds_12m,inRange,"(1000000,3000000]",4.0000000000,1,"(100万,300万]",,2023-07-20 14:05:07.753,2023-07-20 14:05:07.753,,,
470271246900014230,470269276289576086,sw_sb_nsze_zzsqysds_12m,sw_sb_nsze_zzsqysds_12m,inRange,"(3000000,6000000]",6.0000000000,1,"(300万,600万]",,2023-07-20 14:05:07.765,2023-07-20 14:05:07.765,,,
470271246900079766,470269276289576086,sw_sb_nsze_zzsqysds_12m,sw_sb_nsze_zzsqysds_12m,inRange,"(6000000,10000000]",8.0000000000,1,"(600万,1000万]",,2023-07-20 14:05:07.776,2023-07-20 14:05:07.776,,,
470271246900145302,470269276289576086,sw_sb_nsze_zzsqysds_12m,sw_sb_nsze_zzsqysds_12m,inRange,"(10000000,inf]",10.0000000000,1,>=1000万,,2023-07-20 14:05:07.786,2023-07-20 14:05:07.786,,,
470271246900210838,470269276289576086,sw_sb_nszezzl_zzsqysds_12m_a,sw_sb_nszezzl_zzsqysds_12m_a,default,None,2.0000000000,1,空 ,,2023-07-20 14:05:07.797,2023-07-20 14:05:07.797,,,
470271246900276374,470269276289576086,sw_sb_nszezzl_zzsqysds_12m_a,sw_sb_nszezzl_zzsqysds_12m_a,inRange,"(-inf,0]",2.0000000000,1,<=0,,2023-07-20 14:05:07.812,2023-07-20 14:05:07.812,,,
470271246900341910,470269276289576086,sw_sb_nszezzl_zzsqysds_12m_a,sw_sb_nszezzl_zzsqysds_12m_a,inRange,"(0,0.5]",2.0000000000,1,"(0,5%]",,2023-07-20 14:05:07.821,2023-07-20 14:05:07.821,,,
470271246900407446,470269276289576086,sw_sb_nszezzl_zzsqysds_12m_a,sw_sb_nszezzl_zzsqysds_12m_a,inRange,"(0.5,0.10]",4.0000000000,1,"(5%,10%]",,2023-07-20 14:05:07.833,2023-07-20 14:05:07.833,,,
470271246900472982,470269276289576086,sw_sb_nszezzl_zzsqysds_12m_a,sw_sb_nszezzl_zzsqysds_12m_a,inRange,"(0.10,0.20]",6.0000000000,1,"(10%,20%]",,2023-07-20 14:05:07.844,2023-07-20 14:05:07.844,,,
470271246900538518,470269276289576086,sw_sb_nszezzl_zzsqysds_12m_a,sw_sb_nszezzl_zzsqysds_12m_a,inRange,"(0.20,0.50]",8.0000000000,1,"(20%,50%]",,2023-07-20 14:05:07.855,2023-07-20 14:05:07.855,,,
470271246900604054,470269276289576086,sw_sb_nszezzl_zzsqysds_12m_a,sw_sb_nszezzl_zzsqysds_12m_a,inRange,"(0.50,inf]",10.0000000000,1,>50%,,2023-07-20 14:05:07.868,2023-07-20 14:05:07.868,,,
470271246900669590,470269276289576086,sw_sdsnb_gzxjzzjezzl,sw_sdsnb_gzxjzzjezzl,default,None,2.0000000000,1,空 ,,2023-07-20 14:05:07.880,2023-07-20 14:05:07.880,,,
470271246900735126,470269276289576086,sw_sdsnb_gzxjzzjezzl,sw_sdsnb_gzxjzzjezzl,inRange,"(-inf,0]",2.0000000000,1,<=0,,2023-07-20 14:05:07.895,2023-07-20 14:05:07.895,,,
470271246900800662,470269276289576086,sw_sdsnb_gzxjzzjezzl,sw_sdsnb_gzxjzzjezzl,inRange,"(0,0.5]",2.0000000000,1,"(0,5%]",,2023-07-20 14:05:07.906,2023-07-20 14:05:07.906,,,
470271246900866198,470269276289576086,sw_sdsnb_gzxjzzjezzl,sw_sdsnb_gzxjzzjezzl,inRange,"(0.5,0.10]",4.0000000000,1,"(5%,10%]",,2023-07-20 14:05:07.915,2023-07-20 14:05:07.915,,,
470271246900931734,470269276289576086,sw_sdsnb_gzxjzzjezzl,sw_sdsnb_gzxjzzjezzl,inRange,"(0.10,0.15]",5.0000000000,1,"(10%,15%]",,2023-07-20 14:05:07.930,2023-07-20 14:05:07.930,,,
470271246900997270,470269276289576086,sw_sdsnb_gzxjzzjezzl,sw_sdsnb_gzxjzzjezzl,inRange,"(0.15,0.20]",7.0000000000,1,"(15%,20%]",,2023-07-20 14:05:07.941,2023-07-20 14:05:07.941,,,
470271246901062806,470269276289576086,sw_sdsnb_gzxjzzjezzl,sw_sdsnb_gzxjzzjezzl,inRange,"(0.20,inf]",9.0000000000,1,>20%,,2023-07-20 14:05:07.955,2023-07-20 14:05:07.955,,,
470271246901128342,470269276289576086,sw_sbzs_sflhypld_12m,sw_sbzs_sflhypld_12m,default,None,7.0000000000,1,空 ,,2023-07-20 14:05:07.967,2023-07-20 14:05:07.967,,,
470271246901193878,470269276289576086,sw_sbzs_sflhypld_12m,sw_sbzs_sflhypld_12m,inRange,"(-inf,-0.5]",4.0000000000,1,≤-0.5,,2023-07-20 14:05:07.979,2023-07-20 14:05:07.979,,,
470271246901259414,470269276289576086,sw_sbzs_sflhypld_12m,sw_sbzs_sflhypld_12m,inRange,"(-0.5,0.5]",9.0000000000,1,"(-0.5,0.5]",,2023-07-20 14:05:07.989,2023-07-20 14:05:07.989,,,
470271246901324950,470269276289576086,sw_sbzs_sflhypld_12m,sw_sbzs_sflhypld_12m,inRange,"(0.5,inf]",7.0000000000,1,>0.5,,2023-07-20 14:05:08.000,2023-07-20 14:05:08.000,,,
470271246901390486,470269276289576086,sw_sdsnb_yjfy,sw_sdsnb_yjfy,default,None,2.0000000000,1,空 ,,2023-07-20 14:05:08.011,2023-07-20 14:05:08.011,,,
470271246901456022,470269276289576086,sw_sdsnb_yjfy,sw_sdsnb_yjfy,inRange,"(-inf,0]",2.0000000000,1,<=0,,2023-07-20 14:05:08.021,2023-07-20 14:05:08.021,,,
470271246901521558,470269276289576086,sw_sdsnb_yjfy,sw_sdsnb_yjfy,inRange,"(0,500000]",2.0000000000,1,(0，50万],,2023-07-20 14:05:08.032,2023-07-20 14:05:08.032,,,
470271246901587094,470269276289576086,sw_sdsnb_yjfy,sw_sdsnb_yjfy,inRange,"(500000,1000000]",3.0000000000,1,"(50万,100万]",,2023-07-20 14:05:08.044,2023-07-20 14:05:08.044,,,
470271246901652630,470269276289576086,sw_sdsnb_yjfy,sw_sdsnb_yjfy,inRange,"(1000000,5000000]",5.0000000000,1,(100万，500万],,2023-07-20 14:05:08.053,2023-07-20 14:05:08.053,,,
470271246901718166,470269276289576086,sw_sdsnb_yjfy,sw_sdsnb_yjfy,inRange,"(5000000,10000000]",7.0000000000,1,(500万，1000万],,2023-07-20 14:05:08.063,2023-07-20 14:05:08.063,,,
470271246901783702,470269276289576086,sw_sdsnb_yjfy,sw_sdsnb_yjfy,inRange,"(10000000,inf]",9.0000000000,1,>1000万,,2023-07-20 14:05:08.070,2023-07-20 14:05:08.070,,,
470271246901849238,470269276289576086,lh_lxfybqbxse_12m,lh_lxfybqbxse_12m,default,None,4.0000000000,1,空 ,,2023-07-20 14:05:08.080,2023-07-20 14:05:08.080,,,
470271246901914774,470269276289576086,lh_lxfybqbxse_12m,lh_lxfybqbxse_12m,inRange,"(-inf,0.1]",8.0000000000,1,≤1%,,2023-07-20 14:05:08.092,2023-07-20 14:05:08.092,,,
470271246901980310,470269276289576086,lh_lxfybqbxse_12m,lh_lxfybqbxse_12m,inRange,"(0.1,0.2]",6.0000000000,1,"(1%,2%]",,2023-07-20 14:05:08.102,2023-07-20 14:05:08.102,,,
470271246902045846,470269276289576086,lh_lxfybqbxse_12m,lh_lxfybqbxse_12m,inRange,"(0.2,0.3]",4.0000000000,1,"(2%,3%]",,2023-07-20 14:05:08.111,2023-07-20 14:05:08.111,,,
470271246902111382,470269276289576086,lh_lxfybqbxse_12m,lh_lxfybqbxse_12m,inRange,"(0.3,0.4]",2.0000000000,1,"(3%,4%]",,2023-07-20 14:05:08.123,2023-07-20 14:05:08.123,,,
470271246902176918,470269276289576086,lh_lxfybqbxse_12m,lh_lxfybqbxse_12m,inRange,"(0.4,inf]",1.0000000000,1,>4%,,2023-07-20 14:05:08.134,2023-07-20 14:05:08.134,,,
470271246902242454,470269276289576086,sf_fh_ssqk_qy,sf_fh_ssqk_qy,default,None,5.0000000000,1,空 ,,2023-07-20 14:05:08.143,2023-07-20 14:05:08.143,,,
470271246902307990,470269276289576086,sf_fh_ssqk_qy,sf_fh_ssqk_qy,exact,1,3.0000000000,1,"近3年企业内作为被告的非劳动合同纠纷涉诉记录数>3 and
近3年内企业作为被告的非劳动合同纠纷涉诉涉案金额加总>=100万",,2023-07-20 14:05:08.154,2023-07-20 14:05:08.154,,,
470271246902373526,470269276289576086,sf_fh_ssqk_qy,sf_fh_ssqk_qy,exact,2,3.0000000000,1,"0<近3年企业民事裁判文书中作为原告记录数<=3 and
近3年企业民事裁判文书中作为原告涉案金额加总>=100万",,2023-07-20 14:05:08.164,2023-07-20 14:05:08.164,,,
470271246902439062,470269276289576086,sf_fh_ssqk_qy,sf_fh_ssqk_qy,exact,3,6.0000000000,1,"0<近3年企业内作为被告的非劳动合同纠纷涉诉记录数<=3 and
近3年内企业作为被告的非劳动合同纠纷涉诉涉案金额加总<100万 and
企业当前作为被告未结案的非劳动合同纠纷记录数=0",,2023-07-20 14:05:08.174,2023-07-20 14:05:08.174,,,
470271246902504598,470269276289576086,sf_fh_ssqk_qy,sf_fh_ssqk_qy,exact,4,10.0000000000,1,近5年企业作为被告涉及非劳动合同纠纷涉诉记录数=0,,2023-07-20 14:05:08.187,2023-07-20 14:05:08.187,,,
470271246902570134,470269276289576086,sf_fh_ssqk_qy,sf_fh_ssqk_qy,exact,0,5.0000000000,1,其他,,2023-07-20 14:05:08.197,2023-07-20 14:05:08.197,,,
470271246902635670,470269276289576086,sw_jcxx_nsrxypj,sw_jcxx_nsrxypj,default,None,1.0000000000,1,空 ,,2023-07-20 14:05:08.206,2023-07-20 14:05:08.206,,,
470271246902701206,470269276289576086,sw_jcxx_nsrxypj,sw_jcxx_nsrxypj,exact,D,1.0000000000,1,D,,2023-07-20 14:05:08.215,2023-07-20 14:05:08.215,,,
470271246902766742,470269276289576086,sw_jcxx_nsrxypj,sw_jcxx_nsrxypj,exact,C,1.0000000000,1,C,,2023-07-20 14:05:08.230,2023-07-20 14:05:08.230,,,
470271246902832278,470269276289576086,sw_jcxx_nsrxypj,sw_jcxx_nsrxypj,exact,M,2.0000000000,1,M,,2023-07-20 14:05:08.239,2023-07-20 14:05:08.240,,,
470271246902897814,470269276289576086,sw_jcxx_nsrxypj,sw_jcxx_nsrxypj,exact,B,5.0000000000,1,B,,2023-07-20 14:05:08.252,2023-07-20 14:05:08.252,,,
470271246902963350,470269276289576086,sw_jcxx_nsrxypj,sw_jcxx_nsrxypj,exact,A,9.0000000000,1,A,,2023-07-20 14:05:08.262,2023-07-20 14:05:08.262,,,
470271246903028886,470269276289576086,zx_yhsxqk,zx_yhsxqk,exact,3,7.0000000000,1,无银行授信且资产负债率低于60%,,2023-07-20 14:05:08.271,2023-07-20 14:05:08.271,,,
470271246903094422,470269276289576086,zx_yhsxqk,zx_yhsxqk,exact,2,7.0000000000,1,银行抵押贷，且还款记录稳定良好,,2023-07-20 14:05:08.282,2023-07-20 14:05:08.282,,,
470271246903159958,470269276289576086,zx_yhsxqk,zx_yhsxqk,exact,1,8.0000000000,1,银行信用贷，且还款记录稳定良好,,2023-07-20 14:05:08.290,2023-07-20 14:05:08.290,,,
470271246903225494,470269276289576086,zx_yhsxqk,zx_yhsxqk,exact,4,4.0000000000,1,无授信但确定是使用自有资金，资产负债率70%以上,,2023-07-20 14:05:08.299,2023-07-20 14:05:08.299,,,
470271246903291030,470269276289576086,zx_yhsxqk,zx_yhsxqk,exact,0,2.0000000000,1,其他,,2023-07-20 14:05:08.308,2023-07-20 14:05:08.308,,,
470271246903356566,470269276289576086,zx_dsfsxqk,zx_dsfsxqk,exact,1,9.0000000000,1,无第三方机构授信且资产负债率低于60%,,2023-07-20 14:05:08.320,2023-07-20 14:05:08.320,,,
470271246903422102,470269276289576086,zx_dsfsxqk,zx_dsfsxqk,exact,2,6.0000000000,1,第三方机构抵押贷，且还款记录稳定良好,,2023-07-20 14:05:08.329,2023-07-20 14:05:08.329,,,
470271246903487638,470269276289576086,zx_dsfsxqk,zx_dsfsxqk,exact,3,6.0000000000,1,第三方机构信用贷，且还款记录稳定良好,,2023-07-20 14:05:08.341,2023-07-20 14:05:08.341,,,
470271246903553174,470269276289576086,zx_dsfsxqk,zx_dsfsxqk,exact,4,5.0000000000,1,第三方机构保理，且还款记录稳定良好,,2023-07-20 14:05:08.351,2023-07-20 14:05:08.351,,,
470271246903618710,470269276289576086,zx_dsfsxqk,zx_dsfsxqk,exact,5,4.0000000000,1,无授信但确定是使用自有资金，资产负债率70%以上,,2023-07-20 14:05:08.378,2023-07-20 14:05:08.378,,,
470271246903684246,470269276289576086,zx_dsfsxqk,zx_dsfsxqk,exact,0,2.0000000000,1,其他,,2023-07-20 14:05:08.389,2023-07-20 14:05:08.389,,,
470271297557900438,470251385720417430,sw_jcxx_clnx,sw_jcxx_clnx,default,None,1.0000000000,1,空 ,,2023-07-20 14:05:36.411,2023-07-20 14:05:36.411,,,
470271297557965974,470251385720417430,sw_jcxx_clnx,sw_jcxx_clnx,inRange,"(0,3]",1.0000000000,1,<=3年,,2023-07-20 14:05:36.423,2023-07-20 14:05:36.423,,,
470271297558031510,470251385720417430,sw_jcxx_clnx,sw_jcxx_clnx,inRange,"(3,6]",3.0000000000,1,（3，6年],,2023-07-20 14:05:36.433,2023-07-20 14:05:36.433,,,
470271297558097046,470251385720417430,sw_jcxx_clnx,sw_jcxx_clnx,inRange,"(6,10]",5.0000000000,1,（6，10年],,2023-07-20 14:05:36.446,2023-07-20 14:05:36.446,,,
470271297558162582,470251385720417430,sw_jcxx_clnx,sw_jcxx_clnx,inRange,"(10,15]",7.0000000000,1,（10，15年],,2023-07-20 14:05:36.460,2023-07-20 14:05:36.460,,,
470271297558228118,470251385720417430,sw_jcxx_clnx,sw_jcxx_clnx,inRange,"(15,inf]",10.0000000000,1,>15年,,2023-07-20 14:05:36.470,2023-07-20 14:05:36.470,,,
470271297558293654,470251385720417430,sw_cwbb_sszb,sw_cwbb_sszb,default,None,1.0000000000,1,空 ,,2023-07-20 14:05:36.481,2023-07-20 14:05:36.481,,,
470271297558359190,470251385720417430,sw_cwbb_sszb,sw_cwbb_sszb,inRange,"(0,3000000]",1.0000000000,1,<=300万,,2023-07-20 14:05:36.492,2023-07-20 14:05:36.492,,,
470271297558424726,470251385720417430,sw_cwbb_sszb,sw_cwbb_sszb,inRange,"(3000000,10000000]",3.0000000000,1,（300万，1000万],,2023-07-20 14:05:36.503,2023-07-20 14:05:36.503,,,
470271297558490262,470251385720417430,sw_cwbb_sszb,sw_cwbb_sszb,inRange,"(10000000,30000000]",5.0000000000,1,（1000万，3000万],,2023-07-20 14:05:36.512,2023-07-20 14:05:36.512,,,
470271297558555798,470251385720417430,sw_cwbb_sszb,sw_cwbb_sszb,inRange,"(30000000,50000000]",7.0000000000,1,（3000万，5000万],,2023-07-20 14:05:36.520,2023-07-20 14:05:36.520,,,
470271297558621334,470251385720417430,sw_cwbb_sszb,sw_cwbb_sszb,inRange,"(50000000,inf]",10.0000000000,1,>5000万,,2023-07-20 14:05:36.532,2023-07-20 14:05:36.532,,,
470271297558686870,470251385720417430,sw_sdsnb_cyrs,sw_sdsnb_cyrs,default,None,1.0000000000,1,空 ,,2023-07-20 14:05:36.541,2023-07-20 14:05:36.541,,,
470271297558752406,470251385720417430,sw_sdsnb_cyrs,sw_sdsnb_cyrs,inRange,"(0,30]",1.0000000000,1,<=30,,2023-07-20 14:05:36.550,2023-07-20 14:05:36.550,,,
470271297558817942,470251385720417430,sw_sdsnb_cyrs,sw_sdsnb_cyrs,inRange,"(30,100]",3.0000000000,1,（30，100],,2023-07-20 14:05:36.565,2023-07-20 14:05:36.565,,,
470271297558883478,470251385720417430,sw_sdsnb_cyrs,sw_sdsnb_cyrs,inRange,"(100,300]",6.0000000000,1,（100，300],,2023-07-20 14:05:36.577,2023-07-20 14:05:36.577,,,
470271297558949014,470251385720417430,sw_sdsnb_cyrs,sw_sdsnb_cyrs,inRange,"(300,500]",7.0000000000,1,（300，500],,2023-07-20 14:05:36.589,2023-07-20 14:05:36.589,,,
470271297559014550,470251385720417430,sw_sdsnb_cyrs,sw_sdsnb_cyrs,inRange,"(500,inf]",10.0000000000,1,>500,,2023-07-20 14:05:36.601,2023-07-20 14:05:36.601,,,
470271297559080086,470251385720417430,gs_gdct,gs_gdct,default,None,3.0000000000,1,空  ,,2023-07-20 14:05:36.613,2023-07-20 14:05:36.613,,,
470271297559145622,470251385720417430,gs_gdct,gs_gdct,exact,0,3.0000000000,1,其他 lh_gdct,,2023-07-20 14:05:36.622,2023-07-20 14:05:36.622,,,
470271297559211158,470251385720417430,gs_gdct,gs_gdct,exact,1,3.0000000000,1,股东代持，或股东有负面信息 lh_gdct,,2023-07-20 14:05:36.633,2023-07-20 14:05:36.633,,,
470271297559276694,470251385720417430,gs_gdct,gs_gdct,exact,2,3.0000000000,1,第一大股东为自然人 gs_dydgdlx_yh（新增）,,2023-07-20 14:05:36.645,2023-07-20 14:05:36.645,,,
470271297559342230,470251385720417430,gs_gdct,gs_gdct,exact,3,4.0000000000,1,股东为实控人，股东无其他负面信息 lh_gdct,,2023-07-20 14:05:36.660,2023-07-20 14:05:36.660,,,
470271297559407766,470251385720417430,gs_gdct,gs_gdct,exact,4,8.0000000000,1,股东中包含知名基金公司投资 sf_hsj_gdzmtzgs_qy（现有）,,2023-07-20 14:05:36.670,2023-07-20 14:05:36.670,,,
470271297559473302,470251385720417430,gs_gdct,gs_gdct,exact,5,10.0000000000,1,上市公司，国内500强 lh_bmd（新增）,,2023-07-20 14:05:36.678,2023-07-20 14:05:36.678,,,
470271297559538838,470251385720417430,gs_gdwdx,gs_gdwdx,default,None,4.0000000000,1,空 ,,2023-07-20 14:05:36.686,2023-07-20 14:05:36.686,,,
470271297559604374,470251385720417430,gs_gdwdx,gs_gdwdx,exact,0,4.0000000000,1,其他,,2023-07-20 14:05:36.698,2023-07-20 14:05:36.698,,,
470271297559669910,470251385720417430,gs_gdwdx,gs_gdwdx,exact,1,2.0000000000,1,近1年股东变更（控股50%以上变动）,,2023-07-20 14:05:36.706,2023-07-20 14:05:36.706,,,
470271297559735446,470251385720417430,gs_gdwdx,gs_gdwdx,exact,2,4.0000000000,1,近2-3年股东变更（控股50%以上变动）,,2023-07-20 14:05:36.717,2023-07-20 14:05:36.717,,,
470271297559800982,470251385720417430,gs_gdwdx,gs_gdwdx,exact,3,6.0000000000,1,近3年内未发生股东变更,,2023-07-20 14:05:36.726,2023-07-20 14:05:36.726,,,
470271297559866518,470251385720417430,gs_gdwdx,gs_gdwdx,exact,4,8.0000000000,1,近5年内未发生股东变更,,2023-07-20 14:05:36.735,2023-07-20 14:05:36.735,,,
470271297559932054,470251385720417430,gs_frwdx,gs_frwdx,default,None,5.0000000000,1,空 ,,2023-07-20 14:05:36.744,2023-07-20 14:05:36.744,,,
470271297559997590,470251385720417430,gs_frwdx,gs_frwdx,exact,0,5.0000000000,1,其他,,2023-07-20 14:05:36.752,2023-07-20 14:05:36.752,,,
470271297560063126,470251385720417430,gs_frwdx,gs_frwdx,exact,1,2.0000000000,1,近1年法人变更,,2023-07-20 14:05:36.763,2023-07-20 14:05:36.763,,,
470271297560128662,470251385720417430,gs_frwdx,gs_frwdx,exact,2,4.0000000000,1,近2-3年法人变更,,2023-07-20 14:05:36.772,2023-07-20 14:05:36.772,,,
470271297560194198,470251385720417430,gs_frwdx,gs_frwdx,exact,3,5.0000000000,1,3年内未发生法人变更,,2023-07-20 14:05:36.785,2023-07-20 14:05:36.785,,,
470271297560259734,470251385720417430,gs_frwdx,gs_frwdx,exact,4,8.0000000000,1,5年内未发生法人变更,,2023-07-20 14:05:36.796,2023-07-20 14:05:36.796,,,
470271297560325270,470251385720417430,lh_cylwz,lh_cylwz,default,None,3.0000000000,1,空 ,,2023-07-20 14:05:36.807,2023-07-20 14:05:36.807,,,
470271297560390806,470251385720417430,lh_cylwz,lh_cylwz,exact,0,3.0000000000,1,其他,,2023-07-20 14:05:36.817,2023-07-20 14:05:36.817,,,
470271297560456342,470251385720417430,lh_cylwz,lh_cylwz,exact,1,10.0000000000,1,研发,,2023-07-20 14:05:36.829,2023-07-20 14:05:36.829,,,
470271297560521878,470251385720417430,lh_cylwz,lh_cylwz,exact,2,8.0000000000,1,方案设计,,2023-07-20 14:05:36.837,2023-07-20 14:05:36.837,,,
470271297560587414,470251385720417430,lh_cylwz,lh_cylwz,exact,3,7.0000000000,1,品牌商,,2023-07-20 14:05:36.848,2023-07-20 14:05:36.848,,,
470271297560652950,470251385720417430,lh_cylwz,lh_cylwz,exact,4,6.0000000000,1,生产制造,,2023-07-20 14:05:36.859,2023-07-20 14:05:36.859,,,
470271297560718486,470251385720417430,lh_cylwz,lh_cylwz,exact,5,4.0000000000,1,装配加工,,2023-07-20 14:05:36.868,2023-07-20 14:05:36.868,,,
470271297560784022,470251385720417430,lh_md_ppjzl,lh_md_ppjzl,default,None,2.0000000000,1,空 ,,2023-07-20 14:05:36.880,2023-07-20 14:05:36.880,,,
470271297560849558,470251385720417430,lh_md_ppjzl,lh_md_ppjzl,exact,0,2.0000000000,1,其他,,2023-07-20 14:05:36.890,2023-07-20 14:05:36.890,,,
470271297560915094,470251385720417430,lh_md_ppjzl,lh_md_ppjzl,exact,1,8.0000000000,1,知名品牌,,2023-07-20 14:05:36.901,2023-07-20 14:05:36.901,,,
470271297560980630,470251385720417430,lh_md_ppjzl,lh_md_ppjzl,exact,2,7.0000000000,1,专精特新,,2023-07-20 14:05:36.910,2023-07-20 14:05:36.910,,,
470271297561046166,470251385720417430,lh_md_ppjzl,lh_md_ppjzl,exact,3,5.0000000000,1,高新,,2023-07-20 14:05:36.919,2023-07-20 14:05:36.919,,,
470271297561111702,470251385720417430,md_qybq,md_qybq,default,None,2.0000000000,1,空 ,,2023-07-20 14:05:36.932,2023-07-20 14:05:36.932,,,
470271297561177238,470251385720417430,md_qybq,md_qybq,exact,0,2.0000000000,1,其他,,2023-07-20 14:05:36.941,2023-07-20 14:05:36.941,,,
470271297561242774,470251385720417430,md_qybq,md_qybq,exact,5,2.0000000000,1,民企,,2023-07-20 14:05:36.956,2023-07-20 14:05:36.956,,,
470271297561308310,470251385720417430,md_qybq,md_qybq,exact,4,7.0000000000,1,上市公司，国内500强,,2023-07-20 14:05:36.966,2023-07-20 14:05:36.966,,,
470271297561373846,470251385720417430,md_qybq,md_qybq,exact,3,9.0000000000,1,行业头部（白名单）,,2023-07-20 14:05:36.975,2023-07-20 14:05:36.975,,,
470271297561439382,470251385720417430,md_qybq,md_qybq,exact,2,9.0000000000,1,独角兽,,2023-07-20 14:05:36.983,2023-07-20 14:05:36.983,,,
470271297561504918,470251385720417430,md_qybq,md_qybq,exact,1,10.0000000000,1,国企央企,,2023-07-20 14:05:36.992,2023-07-20 14:05:36.992,,,
470271297561570454,470251385720417430,fp_jy_sychje_zb_12m_lh,fp_jy_sychje_zb_12m_lh,default,None,2.0000000000,1,空 ,,2023-07-20 14:05:37.002,2023-07-20 14:05:37.002,,,
470271297561635990,470251385720417430,fp_jy_sychje_zb_12m_lh,fp_jy_sychje_zb_12m_lh,inRange,"(0,0.10]",2.0000000000,1,<=10%,,2023-07-20 14:05:37.011,2023-07-20 14:05:37.011,,,
470271297561701526,470251385720417430,fp_jy_sychje_zb_12m_lh,fp_jy_sychje_zb_12m_lh,inRange,"(0.10,0.30]",4.0000000000,1,"(10%,30%]",,2023-07-20 14:05:37.021,2023-07-20 14:05:37.021,,,
470271297561767062,470251385720417430,fp_jy_sychje_zb_12m_lh,fp_jy_sychje_zb_12m_lh,inRange,"(0.30,0.50]",6.0000000000,1,"(30%,50%]",,2023-07-20 14:05:37.033,2023-07-20 14:05:37.033,,,
470271297561832598,470251385720417430,fp_jy_sychje_zb_12m_lh,fp_jy_sychje_zb_12m_lh,inRange,"(0.50,0.70]",8.0000000000,1,"(50%,70%]",,2023-07-20 14:05:37.044,2023-07-20 14:05:37.044,,,
470271297561898134,470251385720417430,fp_jy_sychje_zb_12m_lh,fp_jy_sychje_zb_12m_lh,inRange,"(0.70,inf]",10.0000000000,1,>=70%,,2023-07-20 14:05:37.054,2023-07-20 14:05:37.054,,,
470271297561963670,470251385720417430,fp_jx_zyjyjezb_12m_lh,fp_jx_zyjyjezb_12m_lh,default,None,2.0000000000,1,空 ,,2023-07-20 14:05:37.063,2023-07-20 14:05:37.063,,,
470271297562029206,470251385720417430,fp_jx_zyjyjezb_12m_lh,fp_jx_zyjyjezb_12m_lh,inRange,"(0,0.5]",2.0000000000,1,<=5%,,2023-07-20 14:05:37.072,2023-07-20 14:05:37.072,,,
470271297562094742,470251385720417430,fp_jx_zyjyjezb_12m_lh,fp_jx_zyjyjezb_12m_lh,inRange,"(0.5,0.10]",4.0000000000,1,"(5%,10%]",,2023-07-20 14:05:37.083,2023-07-20 14:05:37.083,,,
470271297562160278,470251385720417430,fp_jx_zyjyjezb_12m_lh,fp_jx_zyjyjezb_12m_lh,inRange,"(0.10,0.30]",6.0000000000,1,"(10%,30%]",,2023-07-20 14:05:37.093,2023-07-20 14:05:37.093,,,
470271297562225814,470251385720417430,fp_jx_zyjyjezb_12m_lh,fp_jx_zyjyjezb_12m_lh,inRange,"(0.30,0.50]",7.0000000000,1,"(30%,50%]",,2023-07-20 14:05:37.103,2023-07-20 14:05:37.103,,,
470271297562291350,470251385720417430,fp_jx_zyjyjezb_12m_lh,fp_jx_zyjyjezb_12m_lh,inRange,"(0.50,inf]",10.0000000000,1,"(50%,100%]",,2023-07-20 14:05:37.113,2023-07-20 14:05:37.113,,,
470271297562356886,470251385720417430,fp_xx_xychje_zb_12m_lh,fp_xx_xychje_zb_12m_lh,default,None,2.0000000000,1,空 ,,2023-07-20 14:05:37.123,2023-07-20 14:05:37.123,,,
470271297562422422,470251385720417430,fp_xx_xychje_zb_12m_lh,fp_xx_xychje_zb_12m_lh,inRange,"(0,0.10]",2.0000000000,1,<=10%,,2023-07-20 14:05:37.133,2023-07-20 14:05:37.133,,,
470271297562487958,470251385720417430,fp_xx_xychje_zb_12m_lh,fp_xx_xychje_zb_12m_lh,inRange,"(0.10,0.30]",4.0000000000,1,"(10%,30%]",,2023-07-20 14:05:37.143,2023-07-20 14:05:37.143,,,
470271297562553494,470251385720417430,fp_xx_xychje_zb_12m_lh,fp_xx_xychje_zb_12m_lh,inRange,"(0.30,0.50]",6.0000000000,1,"(30%,50%]",,2023-07-20 14:05:37.153,2023-07-20 14:05:37.153,,,
470271297562619030,470251385720417430,fp_xx_xychje_zb_12m_lh,fp_xx_xychje_zb_12m_lh,inRange,"(0.50,0.70]",8.0000000000,1,"(50%,70%]",,2023-07-20 14:05:37.162,2023-07-20 14:05:37.162,,,
470271297562684566,470251385720417430,fp_xx_xychje_zb_12m_lh,fp_xx_xychje_zb_12m_lh,inRange,"(0.70,inf]",10.0000000000,1,>=70%,,2023-07-20 14:05:37.171,2023-07-20 14:05:37.171,,,
470271297562750102,470251385720417430,fp_xx_zyjyjezb_12m_lh,fp_xx_zyjyjezb_12m_lh,default,None,3.0000000000,1,空 ,,2023-07-20 14:05:37.179,2023-07-20 14:05:37.179,,,
470271297562815638,470251385720417430,fp_xx_zyjyjezb_12m_lh,fp_xx_zyjyjezb_12m_lh,inRange,"(0,0.5]",3.0000000000,1,<=5%,,2023-07-20 14:05:37.192,2023-07-20 14:05:37.192,,,
470271297562881174,470251385720417430,fp_xx_zyjyjezb_12m_lh,fp_xx_zyjyjezb_12m_lh,inRange,"(0.5,0.10]",5.0000000000,1,"(5%,10%]",,2023-07-20 14:05:37.203,2023-07-20 14:05:37.203,,,
470271297562946710,470251385720417430,fp_xx_zyjyjezb_12m_lh,fp_xx_zyjyjezb_12m_lh,inRange,"(0.10,0.30]",6.0000000000,1,"(10%,30%]",,2023-07-20 14:05:37.209,2023-07-20 14:05:37.209,,,
470271297563012246,470251385720417430,fp_xx_zyjyjezb_12m_lh,fp_xx_zyjyjezb_12m_lh,inRange,"(0.30,0.50]",7.0000000000,1,"(30%,50%]",,2023-07-20 14:05:37.218,2023-07-20 14:05:37.218,,,
470271297563077782,470251385720417430,fp_xx_zyjyjezb_12m_lh,fp_xx_zyjyjezb_12m_lh,inRange,"(0.50,inf]",10.0000000000,1,"(50%,100%]",,2023-07-20 14:05:37.227,2023-07-20 14:05:37.227,,,
470271297563143318,470251385720417430,sw_sb_qbxse_12m,sw_sb_qbxse_12m,default,None,1.0000000000,1,空 ,,2023-07-20 14:05:37.238,2023-07-20 14:05:37.238,,,
470271297563208854,470251385720417430,sw_sb_qbxse_12m,sw_sb_qbxse_12m,inRange,"(0,50000000]",1.0000000000,1,<=5000万,,2023-07-20 14:05:37.249,2023-07-20 14:05:37.249,,,
470271297563274390,470251385720417430,sw_sb_qbxse_12m,sw_sb_qbxse_12m,inRange,"(50000000,100000000]",3.0000000000,1,(5000万-1亿],,2023-07-20 14:05:37.257,2023-07-20 14:05:37.257,,,
470271297563339926,470251385720417430,sw_sb_qbxse_12m,sw_sb_qbxse_12m,inRange,"(100000000,300000000]",5.0000000000,1,(1亿-3亿],,2023-07-20 14:05:37.267,2023-07-20 14:05:37.267,,,
470271297563405462,470251385720417430,sw_sb_qbxse_12m,sw_sb_qbxse_12m,inRange,"(300000000,500000000]",7.0000000000,1,(3亿-5亿],,2023-07-20 14:05:37.277,2023-07-20 14:05:37.277,,,
470271297563470998,470251385720417430,sw_sb_qbxse_12m,sw_sb_qbxse_12m,inRange,"(500000000,inf]",10.0000000000,1,>5亿,,2023-07-20 14:05:37.286,2023-07-20 14:05:37.286,,,
470271297563536534,470251385720417430,sw_sb_qbxsezzl_12m,sw_sb_qbxsezzl_12m,default,None,1.0000000000,1,空 ,,2023-07-20 14:05:37.294,2023-07-20 14:05:37.294,,,
470271297563602070,470251385720417430,sw_sb_qbxsezzl_12m,sw_sb_qbxsezzl_12m,inRange,"(-inf,-0.20]",1.0000000000,1,<-20%,,2023-07-20 14:05:37.307,2023-07-20 14:05:37.307,,,
470271297563667606,470251385720417430,sw_sb_qbxsezzl_12m,sw_sb_qbxsezzl_12m,inRange,"(-0.20,0]",2.0000000000,1,"(-20%,0]",,2023-07-20 14:05:37.317,2023-07-20 14:05:37.317,,,
470271297563733142,470251385720417430,sw_sb_qbxsezzl_12m,sw_sb_qbxsezzl_12m,inRange,"(0,0.20]",5.0000000000,1,"(0,20%]",,2023-07-20 14:05:37.328,2023-07-20 14:05:37.328,,,
470271297563798678,470251385720417430,sw_sb_qbxsezzl_12m,sw_sb_qbxsezzl_12m,inRange,"(0.20,0.50]",6.0000000000,1,"(20%,50%]",,2023-07-20 14:05:37.342,2023-07-20 14:05:37.342,,,
470271297563864214,470251385720417430,sw_sb_qbxsezzl_12m,sw_sb_qbxsezzl_12m,inRange,"(0.50,inf]",9.0000000000,1,>50%,,2023-07-20 14:05:37.353,2023-07-20 14:05:37.353,,,
470271297563929750,470251385720417430,sw_sb_lsxs_12m,sw_sb_lsxs_12m,default,None,4.0000000000,1,空 ,,2023-07-20 14:05:37.363,2023-07-20 14:05:37.363,,,
470271297563995286,470251385720417430,sw_sb_lsxs_12m,sw_sb_lsxs_12m,inRange,"(0,0.2]",8.0000000000,1,"(0,0.2]",,2023-07-20 14:05:37.375,2023-07-20 14:05:37.375,,,
470271297564060822,470251385720417430,sw_sb_lsxs_12m,sw_sb_lsxs_12m,inRange,"(0.2,0.3]",5.0000000000,1,"(0.2,0.3]",,2023-07-20 14:05:37.391,2023-07-20 14:05:37.391,,,
470271297564126358,470251385720417430,sw_sb_lsxs_12m,sw_sb_lsxs_12m,inRange,"(0.3,0.5]",4.0000000000,1,"(0.3,0.5]",,2023-07-20 14:05:37.401,2023-07-20 14:05:37.401,,,
470271297564191894,470251385720417430,sw_sb_lsxs_12m,sw_sb_lsxs_12m,inRange,"(0.5,0.6]",3.0000000000,1,"(0.5,0.6]",,2023-07-20 14:05:37.419,2023-07-20 14:05:37.419,,,
470271297564257430,470251385720417430,sw_sb_lsxs_12m,sw_sb_lsxs_12m,inRange,"(0.6,inf]",2.0000000000,1,>0.6,,2023-07-20 14:05:37.433,2023-07-20 14:05:37.433,,,
470271297564322966,470251385720417430,sw_cwbb_yyzjzzts,sw_cwbb_yyzjzzts,default,None,4.0000000000,1,空 ,,2023-07-20 14:05:37.442,2023-07-20 14:05:37.442,,,
470271297564388502,470251385720417430,sw_cwbb_yyzjzzts,sw_cwbb_yyzjzzts,inRange,"(-inf,15]",2.0000000000,1,＜15天,,2023-07-20 14:05:37.456,2023-07-20 14:05:37.456,,,
470271297564454038,470251385720417430,sw_cwbb_yyzjzzts,sw_cwbb_yyzjzzts,inRange,"(15,45]",9.0000000000,1,"(15天,45天]",,2023-07-20 14:05:37.466,2023-07-20 14:05:37.466,,,
470271297564519574,470251385720417430,sw_cwbb_yyzjzzts,sw_cwbb_yyzjzzts,inRange,"(45,90]",6.0000000000,1,"(45天,90天]",,2023-07-20 14:05:37.476,2023-07-20 14:05:37.476,,,
470271297564585110,470251385720417430,sw_cwbb_yyzjzzts,sw_cwbb_yyzjzzts,inRange,"(90,120]",4.0000000000,1,"(90天,120天]",,2023-07-20 14:05:37.489,2023-07-20 14:05:37.489,,,
470271297564650646,470251385720417430,sw_cwbb_yyzjzzts,sw_cwbb_yyzjzzts,inRange,"(120,inf]",2.0000000000,1,>120天,,2023-07-20 14:05:37.502,2023-07-20 14:05:37.502,,,
470271297564716182,470251385720417430,sw_cwbb_chzzts_cb,sw_cwbb_chzzts_cb,default,None,5.0000000000,1,空 ,,2023-07-20 14:05:37.512,2023-07-20 14:05:37.512,,,
470271297564781718,470251385720417430,sw_cwbb_chzzts_cb,sw_cwbb_chzzts_cb,inRange,"(-inf,0]",5.0000000000,1,<=0,,2023-07-20 14:05:37.520,2023-07-20 14:05:37.520,,,
470271297564847254,470251385720417430,sw_cwbb_chzzts_cb,sw_cwbb_chzzts_cb,inRange,"(0,15]",10.0000000000,1,"(0天,15天]",,2023-07-20 14:05:37.535,2023-07-20 14:05:37.535,,,
470271297564912790,470251385720417430,sw_cwbb_chzzts_cb,sw_cwbb_chzzts_cb,inRange,"(15,30]",7.0000000000,1,"(15天,30天]",,2023-07-20 14:05:37.551,2023-07-20 14:05:37.551,,,
470271297564978326,470251385720417430,sw_cwbb_chzzts_cb,sw_cwbb_chzzts_cb,inRange,"(30,45]",5.0000000000,1,"(30天,45天]",,2023-07-20 14:05:37.565,2023-07-20 14:05:37.565,,,
470271297565043862,470251385720417430,sw_cwbb_chzzts_cb,sw_cwbb_chzzts_cb,inRange,"(45,60]",3.0000000000,1,"(45天,60天]",,2023-07-20 14:05:37.576,2023-07-20 14:05:37.576,,,
470271297565109398,470251385720417430,sw_cwbb_chzzts_cb,sw_cwbb_chzzts_cb,inRange,"(60,inf]",1.0000000000,1,>60天,,2023-07-20 14:05:37.591,2023-07-20 14:05:37.591,,,
470271297565174934,470251385720417430,sw_cwbb_zcfzl,sw_cwbb_zcfzl,default,None,3.0000000000,1,空 ,,2023-07-20 14:05:37.602,2023-07-20 14:05:37.602,,,
470271297565240470,470251385720417430,sw_cwbb_zcfzl,sw_cwbb_zcfzl,inRange,"(-inf,0]",3.0000000000,1,<=0,,2023-07-20 14:05:37.619,2023-07-20 14:05:37.619,,,
470271297565306006,470251385720417430,sw_cwbb_zcfzl,sw_cwbb_zcfzl,inRange,"(0,0.50]",10.0000000000,1,"(0,50%]",,2023-07-20 14:05:37.630,2023-07-20 14:05:37.630,,,
470271297565371542,470251385720417430,sw_cwbb_zcfzl,sw_cwbb_zcfzl,inRange,"(0.50,0.60]",7.0000000000,1,"(50%,60%]",,2023-07-20 14:05:37.638,2023-07-20 14:05:37.638,,,
470271297565437078,470251385720417430,sw_cwbb_zcfzl,sw_cwbb_zcfzl,inRange,"(0.60,0.70]",5.0000000000,1,"(60%,70%]",,2023-07-20 14:05:37.648,2023-07-20 14:05:37.648,,,
470271297565502614,470251385720417430,sw_cwbb_zcfzl,sw_cwbb_zcfzl,inRange,"(0.70,0.80]",3.0000000000,1,"(70%,80%]",,2023-07-20 14:05:37.671,2023-07-20 14:05:37.671,,,
470271297565568150,470251385720417430,sw_cwbb_zcfzl,sw_cwbb_zcfzl,inRange,"(0.80,0.90]",1.0000000000,1,"(80%,90%]",,2023-07-20 14:05:37.684,2023-07-20 14:05:37.684,,,
470271297565633686,470251385720417430,sw_cwbb_zcfzl,sw_cwbb_zcfzl,inRange,"(0.90,inf]",1.0000000000,1,>90%,,2023-07-20 14:05:37.701,2023-07-20 14:05:37.701,,,
470271297565699222,470251385720417430,sw_cwbb_mlrzzlv,sw_cwbb_mlrzzlv,default,None,1.0000000000,1,空 ,,2023-07-20 14:05:37.716,2023-07-20 14:05:37.716,,,
470271297565764758,470251385720417430,sw_cwbb_mlrzzlv,sw_cwbb_mlrzzlv,inRange,"(-inf,0]",1.0000000000,1,<=0,,2023-07-20 14:05:37.725,2023-07-20 14:05:37.725,,,
470271297565830294,470251385720417430,sw_cwbb_mlrzzlv,sw_cwbb_mlrzzlv,inRange,"(0,0.20]",3.0000000000,1,"(0,20%]",,2023-07-20 14:05:37.748,2023-07-20 14:05:37.748,,,
470271297565895830,470251385720417430,sw_cwbb_mlrzzlv,sw_cwbb_mlrzzlv,inRange,"(0.20,0.30]",5.0000000000,1,"(20%,30%]",,2023-07-20 14:05:37.759,2023-07-20 14:05:37.759,,,
470271297565961366,470251385720417430,sw_cwbb_mlrzzlv,sw_cwbb_mlrzzlv,inRange,"(0.30,0.50]",7.0000000000,1,"(30%,50%]",,2023-07-20 14:05:37.772,2023-07-20 14:05:37.772,,,
470271297566026902,470251385720417430,sw_cwbb_mlrzzlv,sw_cwbb_mlrzzlv,inRange,"(0.50,inf]",9.0000000000,1,>=50%,,2023-07-20 14:05:37.792,2023-07-20 14:05:37.792,,,
470271297566092438,470251385720417430,sw_cwbb_jlrzzlv,sw_cwbb_jlrzzlv,default,None,1.0000000000,1,空 ,,2023-07-20 14:05:37.803,2023-07-20 14:05:37.803,,,
470271297566157974,470251385720417430,sw_cwbb_jlrzzlv,sw_cwbb_jlrzzlv,inRange,"(-inf,0]",1.0000000000,1,<=0,,2023-07-20 14:05:37.818,2023-07-20 14:05:37.818,,,
470271297566223510,470251385720417430,sw_cwbb_jlrzzlv,sw_cwbb_jlrzzlv,inRange,"(0,0.20]",4.0000000000,1,"(0%,20%]",,2023-07-20 14:05:37.829,2023-07-20 14:05:37.829,,,
470271297566289046,470251385720417430,sw_cwbb_jlrzzlv,sw_cwbb_jlrzzlv,inRange,"(0.20,0.30]",5.0000000000,1,"(20%,30%]",,2023-07-20 14:05:37.838,2023-07-20 14:05:37.838,,,
470271297566354582,470251385720417430,sw_cwbb_jlrzzlv,sw_cwbb_jlrzzlv,inRange,"(0.30,0.50]",7.0000000000,1,"(30%,50%]",,2023-07-20 14:05:37.845,2023-07-20 14:05:37.845,,,
470271297566420118,470251385720417430,sw_cwbb_jlrzzlv,sw_cwbb_jlrzzlv,inRange,"(0.50,inf]",9.0000000000,1,>50%,,2023-07-20 14:05:37.853,2023-07-20 14:05:37.853,,,
470271297566485654,470251385720417430,sw_cwbb_jzcszlv,sw_cwbb_jzcszlv,default,None,1.0000000000,1,空 ,,2023-07-20 14:05:37.862,2023-07-20 14:05:37.862,,,
470271297566551190,470251385720417430,sw_cwbb_jzcszlv,sw_cwbb_jzcszlv,inRange,"(-inf,0]",1.0000000000,1,<=0,,2023-07-20 14:05:37.872,2023-07-20 14:05:37.872,,,
470271297566616726,470251385720417430,sw_cwbb_jzcszlv,sw_cwbb_jzcszlv,inRange,"(0,0.5]",2.0000000000,1,"(0,5%]",,2023-07-20 14:05:37.884,2023-07-20 14:05:37.884,,,
470271297566682262,470251385720417430,sw_cwbb_jzcszlv,sw_cwbb_jzcszlv,inRange,"(0.5,0.10]",4.0000000000,1,"(5%,10%]",,2023-07-20 14:05:37.896,2023-07-20 14:05:37.896,,,
470271297566747798,470251385720417430,sw_cwbb_jzcszlv,sw_cwbb_jzcszlv,inRange,"(0.10,0.20]",6.0000000000,1,"(10%,20%]",,2023-07-20 14:05:37.905,2023-07-20 14:05:37.905,,,
470271297566813334,470251385720417430,sw_cwbb_jzcszlv,sw_cwbb_jzcszlv,inRange,"(0.20,inf]",8.0000000000,1,>20%,,2023-07-20 14:05:37.914,2023-07-20 14:05:37.914,,,
470271297566878870,470251385720417430,sw_sb_nsze_zzsqysds_12m,sw_sb_nsze_zzsqysds_12m,default,None,2.0000000000,1,空 ,,2023-07-20 14:05:37.924,2023-07-20 14:05:37.924,,,
470271297566944406,470251385720417430,sw_sb_nsze_zzsqysds_12m,sw_sb_nsze_zzsqysds_12m,inRange,"(-inf,1000000]",2.0000000000,1,<=100万,,2023-07-20 14:05:37.934,2023-07-20 14:05:37.934,,,
470271297567009942,470251385720417430,sw_sb_nsze_zzsqysds_12m,sw_sb_nsze_zzsqysds_12m,inRange,"(1000000,3000000]",4.0000000000,1,"(100万,300万]",,2023-07-20 14:05:37.943,2023-07-20 14:05:37.943,,,
470271297567075478,470251385720417430,sw_sb_nsze_zzsqysds_12m,sw_sb_nsze_zzsqysds_12m,inRange,"(3000000,6000000]",6.0000000000,1,"(300万,600万]",,2023-07-20 14:05:37.954,2023-07-20 14:05:37.954,,,
470271297567141014,470251385720417430,sw_sb_nsze_zzsqysds_12m,sw_sb_nsze_zzsqysds_12m,inRange,"(6000000,10000000]",8.0000000000,1,"(600万,1000万]",,2023-07-20 14:05:37.965,2023-07-20 14:05:37.965,,,
470271297567206550,470251385720417430,sw_sb_nsze_zzsqysds_12m,sw_sb_nsze_zzsqysds_12m,inRange,"(10000000,inf]",10.0000000000,1,>=1000万,,2023-07-20 14:05:37.975,2023-07-20 14:05:37.975,,,
470271297567272086,470251385720417430,sw_sb_nszezzl_zzsqysds_12m_a,sw_sb_nszezzl_zzsqysds_12m_a,default,None,2.0000000000,1,空 ,,2023-07-20 14:05:37.989,2023-07-20 14:05:37.989,,,
470271297567337622,470251385720417430,sw_sb_nszezzl_zzsqysds_12m_a,sw_sb_nszezzl_zzsqysds_12m_a,inRange,"(-inf,0]",2.0000000000,1,<=0,,2023-07-20 14:05:37.999,2023-07-20 14:05:37.999,,,
470271297567403158,470251385720417430,sw_sb_nszezzl_zzsqysds_12m_a,sw_sb_nszezzl_zzsqysds_12m_a,inRange,"(0,0.5]",2.0000000000,1,"(0,5%]",,2023-07-20 14:05:38.009,2023-07-20 14:05:38.009,,,
470271297567468694,470251385720417430,sw_sb_nszezzl_zzsqysds_12m_a,sw_sb_nszezzl_zzsqysds_12m_a,inRange,"(0.5,0.10]",4.0000000000,1,"(5%,10%]",,2023-07-20 14:05:38.019,2023-07-20 14:05:38.019,,,
470271297567534230,470251385720417430,sw_sb_nszezzl_zzsqysds_12m_a,sw_sb_nszezzl_zzsqysds_12m_a,inRange,"(0.10,0.20]",6.0000000000,1,"(10%,20%]",,2023-07-20 14:05:38.029,2023-07-20 14:05:38.029,,,
470271297567599766,470251385720417430,sw_sb_nszezzl_zzsqysds_12m_a,sw_sb_nszezzl_zzsqysds_12m_a,inRange,"(0.20,0.50]",8.0000000000,1,"(20%,50%]",,2023-07-20 14:05:38.042,2023-07-20 14:05:38.042,,,
470271297567665302,470251385720417430,sw_sb_nszezzl_zzsqysds_12m_a,sw_sb_nszezzl_zzsqysds_12m_a,inRange,"(0.50,inf]",10.0000000000,1,>50%,,2023-07-20 14:05:38.051,2023-07-20 14:05:38.051,,,
470271297567730838,470251385720417430,sw_sdsnb_gzxjzzjezzl,sw_sdsnb_gzxjzzjezzl,default,None,2.0000000000,1,空 ,,2023-07-20 14:05:38.060,2023-07-20 14:05:38.060,,,
470271297567796374,470251385720417430,sw_sdsnb_gzxjzzjezzl,sw_sdsnb_gzxjzzjezzl,inRange,"(-inf,0]",2.0000000000,1,<=0,,2023-07-20 14:05:38.069,2023-07-20 14:05:38.069,,,
470271297567861910,470251385720417430,sw_sdsnb_gzxjzzjezzl,sw_sdsnb_gzxjzzjezzl,inRange,"(0,0.5]",2.0000000000,1,"(0,5%]",,2023-07-20 14:05:38.079,2023-07-20 14:05:38.079,,,
470271297567927446,470251385720417430,sw_sdsnb_gzxjzzjezzl,sw_sdsnb_gzxjzzjezzl,inRange,"(0.5,0.10]",4.0000000000,1,"(5%,10%]",,2023-07-20 14:05:38.088,2023-07-20 14:05:38.088,,,
470271297567992982,470251385720417430,sw_sdsnb_gzxjzzjezzl,sw_sdsnb_gzxjzzjezzl,inRange,"(0.10,0.15]",5.0000000000,1,"(10%,15%]",,2023-07-20 14:05:38.102,2023-07-20 14:05:38.102,,,
470271297568058518,470251385720417430,sw_sdsnb_gzxjzzjezzl,sw_sdsnb_gzxjzzjezzl,inRange,"(0.15,0.20]",7.0000000000,1,"(15%,20%]",,2023-07-20 14:05:38.111,2023-07-20 14:05:38.111,,,
470271297568124054,470251385720417430,sw_sdsnb_gzxjzzjezzl,sw_sdsnb_gzxjzzjezzl,inRange,"(0.20,inf]",9.0000000000,1,>20%,,2023-07-20 14:05:38.123,2023-07-20 14:05:38.123,,,
470271297568189590,470251385720417430,sw_sbzs_sflhypld_12m,sw_sbzs_sflhypld_12m,default,None,7.0000000000,1,空 ,,2023-07-20 14:05:38.133,2023-07-20 14:05:38.133,,,
470271297568255126,470251385720417430,sw_sbzs_sflhypld_12m,sw_sbzs_sflhypld_12m,inRange,"(-inf,-0.5]",4.0000000000,1,≤-0.5,,2023-07-20 14:05:38.143,2023-07-20 14:05:38.143,,,
470271297568320662,470251385720417430,sw_sbzs_sflhypld_12m,sw_sbzs_sflhypld_12m,inRange,"(-0.5,0.5]",9.0000000000,1,"(-0.5,0.5]",,2023-07-20 14:05:38.152,2023-07-20 14:05:38.152,,,
470271297568386198,470251385720417430,sw_sbzs_sflhypld_12m,sw_sbzs_sflhypld_12m,inRange,"(0.5,inf]",7.0000000000,1,>0.5,,2023-07-20 14:05:38.160,2023-07-20 14:05:38.160,,,
470271297568451734,470251385720417430,sw_sdsnb_yjfy,sw_sdsnb_yjfy,default,None,2.0000000000,1,空 ,,2023-07-20 14:05:38.171,2023-07-20 14:05:38.171,,,
470271297568517270,470251385720417430,sw_sdsnb_yjfy,sw_sdsnb_yjfy,inRange,"(-inf,0]",2.0000000000,1,<=0,,2023-07-20 14:05:38.181,2023-07-20 14:05:38.181,,,
470271297568582806,470251385720417430,sw_sdsnb_yjfy,sw_sdsnb_yjfy,inRange,"(0,500000]",2.0000000000,1,(0，50万],,2023-07-20 14:05:38.192,2023-07-20 14:05:38.192,,,
470271297568648342,470251385720417430,sw_sdsnb_yjfy,sw_sdsnb_yjfy,inRange,"(500000,1000000]",3.0000000000,1,"(50万,100万]",,2023-07-20 14:05:38.206,2023-07-20 14:05:38.206,,,
470271297568713878,470251385720417430,sw_sdsnb_yjfy,sw_sdsnb_yjfy,inRange,"(1000000,5000000]",5.0000000000,1,(100万，500万],,2023-07-20 14:05:38.216,2023-07-20 14:05:38.216,,,
470271297568779414,470251385720417430,sw_sdsnb_yjfy,sw_sdsnb_yjfy,inRange,"(5000000,10000000]",7.0000000000,1,(500万，1000万],,2023-07-20 14:05:38.229,2023-07-20 14:05:38.229,,,
470271297568844950,470251385720417430,sw_sdsnb_yjfy,sw_sdsnb_yjfy,inRange,"(10000000,inf]",9.0000000000,1,>1000万,,2023-07-20 14:05:38.240,2023-07-20 14:05:38.240,,,
470271297568910486,470251385720417430,lh_lxfybqbxse_12m,lh_lxfybqbxse_12m,default,None,4.0000000000,1,空 ,,2023-07-20 14:05:38.254,2023-07-20 14:05:38.254,,,
470271297568976022,470251385720417430,lh_lxfybqbxse_12m,lh_lxfybqbxse_12m,inRange,"(-inf,0.1]",8.0000000000,1,≤1%,,2023-07-20 14:05:38.278,2023-07-20 14:05:38.278,,,
470271297569041558,470251385720417430,lh_lxfybqbxse_12m,lh_lxfybqbxse_12m,inRange,"(0.1,0.2]",6.0000000000,1,"(1%,2%]",,2023-07-20 14:05:38.296,2023-07-20 14:05:38.296,,,
470271297569107094,470251385720417430,lh_lxfybqbxse_12m,lh_lxfybqbxse_12m,inRange,"(0.2,0.3]",4.0000000000,1,"(2%,3%]",,2023-07-20 14:05:38.306,2023-07-20 14:05:38.306,,,
470271297569172630,470251385720417430,lh_lxfybqbxse_12m,lh_lxfybqbxse_12m,inRange,"(0.3,0.4]",2.0000000000,1,"(3%,4%]",,2023-07-20 14:05:38.319,2023-07-20 14:05:38.319,,,
470271297569238166,470251385720417430,lh_lxfybqbxse_12m,lh_lxfybqbxse_12m,inRange,"(0.4,inf]",1.0000000000,1,>4%,,2023-07-20 14:05:38.328,2023-07-20 14:05:38.328,,,
470271297569303702,470251385720417430,sf_fh_ssqk_qy,sf_fh_ssqk_qy,default,None,5.0000000000,1,空 ,,2023-07-20 14:05:38.337,2023-07-20 14:05:38.337,,,
470271297569369238,470251385720417430,sf_fh_ssqk_qy,sf_fh_ssqk_qy,exact,1,3.0000000000,1,"近3年企业内作为被告的非劳动合同纠纷涉诉记录数>3 and
近3年内企业作为被告的非劳动合同纠纷涉诉涉案金额加总>=100万",,2023-07-20 14:05:38.348,2023-07-20 14:05:38.348,,,
470271297569434774,470251385720417430,sf_fh_ssqk_qy,sf_fh_ssqk_qy,exact,2,3.0000000000,1,"0<近3年企业民事裁判文书中作为原告记录数<=3 and
近3年企业民事裁判文书中作为原告涉案金额加总>=100万",,2023-07-20 14:05:38.359,2023-07-20 14:05:38.359,,,
470271297569500310,470251385720417430,sf_fh_ssqk_qy,sf_fh_ssqk_qy,exact,3,6.0000000000,1,"0<近3年企业内作为被告的非劳动合同纠纷涉诉记录数<=3 and
近3年内企业作为被告的非劳动合同纠纷涉诉涉案金额加总<=100万 and
企业当前作为被告未结案的非劳动合同纠纷记录数=0",,2023-07-20 14:05:38.371,2023-07-20 14:05:38.371,,,
470271297569565846,470251385720417430,sf_fh_ssqk_qy,sf_fh_ssqk_qy,exact,4,10.0000000000,1,近5年企业作为被告涉及非劳动合同纠纷涉诉记录数=0,,2023-07-20 14:05:38.385,2023-07-20 14:05:38.385,,,
470271297569631382,470251385720417430,sf_fh_ssqk_qy,sf_fh_ssqk_qy,exact,0,5.0000000000,1,其他,,2023-07-20 14:05:38.396,2023-07-20 14:05:38.396,,,
470271297569696918,470251385720417430,sw_jcxx_nsrxypj,sw_jcxx_nsrxypj,default,None,1.0000000000,1,空 ,,2023-07-20 14:05:38.405,2023-07-20 14:05:38.405,,,
470271297569762454,470251385720417430,sw_jcxx_nsrxypj,sw_jcxx_nsrxypj,exact,D,1.0000000000,1,D,,2023-07-20 14:05:38.418,2023-07-20 14:05:38.418,,,
470271297569827990,470251385720417430,sw_jcxx_nsrxypj,sw_jcxx_nsrxypj,exact,C,1.0000000000,1,C,,2023-07-20 14:05:38.427,2023-07-20 14:05:38.427,,,
470271297569893526,470251385720417430,sw_jcxx_nsrxypj,sw_jcxx_nsrxypj,exact,M,2.0000000000,1,M,,2023-07-20 14:05:38.438,2023-07-20 14:05:38.438,,,
470271297569959062,470251385720417430,sw_jcxx_nsrxypj,sw_jcxx_nsrxypj,exact,B,5.0000000000,1,B,,2023-07-20 14:05:38.448,2023-07-20 14:05:38.448,,,
470271297570024598,470251385720417430,sw_jcxx_nsrxypj,sw_jcxx_nsrxypj,exact,A,9.0000000000,1,A,,2023-07-20 14:05:38.458,2023-07-20 14:05:38.458,,,
470271297570090134,470251385720417430,zx_yhsxqk,zx_yhsxqk,exact,3,7.0000000000,1,无银行授信且资产负债率低于60% sw_cwbb_zcfzl（现有）,,2023-07-20 14:05:38.468,2023-07-20 14:05:38.468,,,
470271297570155670,470251385720417430,zx_yhsxqk,zx_yhsxqk,exact,2,7.0000000000,1,银行抵押贷，且还款记录稳定良好,,2023-07-20 14:05:38.477,2023-07-20 14:05:38.477,,,
470271297570221206,470251385720417430,zx_yhsxqk,zx_yhsxqk,exact,1,8.0000000000,1,银行信用贷，且还款记录稳定良好,,2023-07-20 14:05:38.485,2023-07-20 14:05:38.485,,,
470271297570286742,470251385720417430,zx_yhsxqk,zx_yhsxqk,exact,4,4.0000000000,1,无授信但确定是使用自有资金，资产负债率70%以上 sw_cwbb_zcfzl（现有）,,2023-07-20 14:05:38.493,2023-07-20 14:05:38.493,,,
470271297570352278,470251385720417430,zx_yhsxqk,zx_yhsxqk,exact,0,2.0000000000,1,其他,,2023-07-20 14:05:38.502,2023-07-20 14:05:38.502,,,
470271297570417814,470251385720417430,zx_dsfsxqk,zx_dsfsxqk,exact,1,9.0000000000,1,无第三方机构授信且资产负债率低于60% sw_cwbb_zcfzl（现有）,,2023-07-20 14:05:38.512,2023-07-20 14:05:38.512,,,
470271297570483350,470251385720417430,zx_dsfsxqk,zx_dsfsxqk,exact,2,6.0000000000,1,第三方机构抵押贷，且还款记录稳定良好,,2023-07-20 14:05:38.521,2023-07-20 14:05:38.521,,,
470271297570548886,470251385720417430,zx_dsfsxqk,zx_dsfsxqk,exact,3,6.0000000000,1,第三方机构信用贷，且还款记录稳定良好,,2023-07-20 14:05:38.532,2023-07-20 14:05:38.532,,,
470271297570614422,470251385720417430,zx_dsfsxqk,zx_dsfsxqk,exact,4,5.0000000000,1,第三方机构保理，且还款记录稳定良好,,2023-07-20 14:05:38.541,2023-07-20 14:05:38.541,,,
470271297570679958,470251385720417430,zx_dsfsxqk,zx_dsfsxqk,exact,5,4.0000000000,1,无授信但确定是使用自有资金，资产负债率70%以上sw_cwbb_zcfzl（现有）,,2023-07-20 14:05:38.550,2023-07-20 14:05:38.550,,,
470271297570745494,470251385720417430,zx_dsfsxqk,zx_dsfsxqk,exact,0,2.0000000000,1,其他,,2023-07-20 14:05:38.562,2023-07-20 14:05:38.562,,,
470288078213229718,470269276289576086,sw_jcxx_clnx,enterprise_info,weightAgg,0.3037,,2,,,2023-07-20 16:55:45.000,2023-07-20 16:55:45.000,,,
470288078213295232,470269276289576086,sw_cwbb_sszb,enterprise_info,weightAgg,0.3259,,2,,,2023-07-20 16:55:45.000,2023-07-20 16:55:45.000,,,
470288078213360768,470269276289576086,sw_sdsnb_cyrs,enterprise_info,weightAgg,0.3704,,2,,,2023-07-20 16:55:45.000,2023-07-20 16:55:45.000,,,
470288078213426304,470269276289576086,gs_gdct,equity_structure,weightAgg,0.4384,,2,,,2023-07-20 16:55:45.000,2023-07-20 16:55:45.000,,,
470288078213491840,470269276289576086,gs_gdwdx,equity_structure,weightAgg,0.2877,,2,,,2023-07-20 16:55:45.000,2023-07-20 16:55:45.000,,,
470288078213557376,470269276289576086,gs_frwdx,equity_structure,weightAgg,0.2740,,2,,,2023-07-20 16:55:45.000,2023-07-20 16:55:45.000,,,
470288078213622912,470269276289576086,lh_cylwz,industry_chain_analyse,weightAgg,0.3478,,2,,,2023-07-20 16:55:45.000,2023-07-20 16:55:45.000,,,
470288078213688448,470269276289576086,lh_md_ppjzl,industry_chain_analyse,weightAgg,0.3043,,2,,,2023-07-20 16:55:45.000,2023-07-20 16:55:45.000,,,
470288078213753984,470269276289576086,md_qybq,industry_chain_analyse,weightAgg,0.3478,,2,,,2023-07-20 16:55:45.000,2023-07-20 16:55:45.000,,,
470288078213819520,470269276289576086,fp_jy_sychje_zb_12m_lh,supply_chain_analyse,weightAgg,0.1667,,2,,,2023-07-20 16:55:45.000,2023-07-20 16:55:45.000,,,
470288078213885056,470269276289576086,fp_jx_zyjyjezb_12m_lh,supply_chain_analyse,weightAgg,0.2333,,2,,,2023-07-20 16:55:45.000,2023-07-20 16:55:45.000,,,
470288078213950592,470269276289576086,fp_xx_xychje_zb_12m_lh,supply_chain_analyse,weightAgg,0.2667,,2,,,2023-07-20 16:55:45.000,2023-07-20 16:55:45.000,,,
470288078214016128,470269276289576086,fp_xx_zyjyjezb_12m_lh,supply_chain_analyse,weightAgg,0.3333,,2,,,2023-07-20 16:55:45.000,2023-07-20 16:55:45.000,,,
470288078214081664,470269276289576086,sw_sb_qbxse_12m,operation_ability,weightAgg,0.2162 ,,2,,,2023-07-20 16:55:45.000,2023-07-20 16:55:45.000,,,
470288078214147200,470269276289576086,sw_sb_qbxsezzl_12m,operation_ability,weightAgg,0.2162 ,,2,,,2023-07-20 16:55:45.000,2023-07-20 16:55:45.000,,,
470288078214212736,470269276289576086,sw_sb_lsxs_12m,operation_ability,weightAgg,0.1622 ,,2,,,2023-07-20 16:55:45.000,2023-07-20 16:55:45.000,,,
470288078214278272,470269276289576086,sw_cwbb_yyzjzzts,operation_ability,weightAgg,0.2162 ,,2,,,2023-07-20 16:55:45.000,2023-07-20 16:55:45.000,,,
470288078214343808,470269276289576086,sw_cwbb_chzzts_cb,operation_ability,weightAgg,0.1892 ,,2,,,2023-07-20 16:55:45.000,2023-07-20 16:55:45.000,,,
470288078214409344,470269276289576086,sw_cwbb_zcfzl,debt_solvency,weightAgg,1.0000 ,,2,,,2023-07-20 16:55:45.000,2023-07-20 16:55:45.000,,,
470288078214474880,470269276289576086,sw_cwbb_mlrzzlv,profit_ability,weightAgg,0.3333 ,,2,,,2023-07-20 16:55:45.000,2023-07-20 16:55:45.000,,,
470288078214540416,470269276289576086,sw_cwbb_jlrzzlv,profit_ability,weightAgg,0.3333 ,,2,,,2023-07-20 16:55:45.000,2023-07-20 16:55:45.000,,,
470288078214605952,470269276289576086,sw_cwbb_jzcszlv,profit_ability,weightAgg,0.3333 ,,2,,,2023-07-20 16:55:45.000,2023-07-20 16:55:45.000,,,
470288078214671488,470269276289576086,sw_sb_nsze_zzsqysds_12m,tax_statistic,weightAgg,0.3462 ,,2,,,2023-07-20 16:55:45.000,2023-07-20 16:55:45.000,,,
470288078214737024,470269276289576086,sw_sb_nszezzl_zzsqysds_12m_a,tax_statistic,weightAgg,0.2308 ,,2,,,2023-07-20 16:55:45.000,2023-07-20 16:55:45.000,,,
470288078214802560,470269276289576086,sw_sdsnb_gzxjzzjezzl,tax_statistic,weightAgg,0.2308 ,,2,,,2023-07-20 16:55:45.000,2023-07-20 16:55:45.000,,,
470288078214868096,470269276289576086,sw_sbzs_sflhypld_12m,tax_statistic,weightAgg,0.1923 ,,2,,,2023-07-20 16:55:45.000,2023-07-20 16:55:45.000,,,
470288078214933632,470269276289576086,sw_sdsnb_yjfy,operation_cost,weightAgg,1.0000 ,,2,,,2023-07-20 16:55:45.000,2023-07-20 16:55:45.000,,,
470288078214999168,470269276289576086,lh_lxfybqbxse_12m,finance_cost,weightAgg,1.0000 ,,2,,,2023-07-20 16:55:45.000,2023-07-20 16:55:45.000,,,
470288078215064704,470269276289576086,sf_fh_ssqk_qy,external_publicity_credit,weightAgg,0.5333 ,,2,,,2023-07-20 16:55:45.000,2023-07-20 16:55:45.000,,,
470288078215130240,470269276289576086,sw_jcxx_nsrxypj,external_publicity_credit,weightAgg,0.4667 ,,2,,,2023-07-20 16:55:45.000,2023-07-20 16:55:45.000,,,
470288078215195776,470269276289576086,zx_yhsxqk,loan_granting_credit,weightAgg,0.5294 ,,2,,,2023-07-20 16:55:45.000,2023-07-20 16:55:45.000,,,
470288078215261312,470269276289576086,zx_dsfsxqk,loan_granting_credit,weightAgg,0.4706 ,,2,,,2023-07-20 16:55:45.000,2023-07-20 16:55:45.000,,,
470288078215326848,470269276289576086,enterprise_info,represent_basic,weightAgg,0.4891,,3,,,2023-07-20 16:55:45.000,2023-07-20 16:55:45.000,,,
470288078215392384,470269276289576086,equity_structure,represent_basic,weightAgg,0.5109,,3,,,2023-07-20 16:55:45.000,2023-07-20 16:55:45.000,,,
470288078215457920,470269276289576086,industry_chain_analyse,operating,weightAgg,0.2889,,3,,,2023-07-20 16:55:45.000,2023-07-20 16:55:45.000,,,
470288078215523456,470269276289576086,supply_chain_analyse,operating,weightAgg,0.4000,,3,,,2023-07-20 16:55:45.000,2023-07-20 16:55:45.000,,,
470288078215588992,470269276289576086,operation_ability,operating,weightAgg,0.3111,,3,,,2023-07-20 16:55:45.000,2023-07-20 16:55:45.000,,,
470288078215654528,470269276289576086,debt_solvency,financial,weightAgg,0.2562,,3,,,2023-07-20 16:55:45.000,2023-07-20 16:55:45.000,,,
470288078215720064,470269276289576086,profit_ability,financial,weightAgg,0.2349,,3,,,2023-07-20 16:55:45.000,2023-07-20 16:55:45.000,,,
470288078215785600,470269276289576086,tax_statistic,financial,weightAgg,0.2242,,3,,,2023-07-20 16:55:45.000,2023-07-20 16:55:45.000,,,
470288078215851136,470269276289576086,operation_cost,financial,weightAgg,0.1317,,3,,,2023-07-20 16:55:45.000,2023-07-20 16:55:45.000,,,
470288078215916672,470269276289576086,finance_cost,financial,weightAgg,0.1530,,3,,,2023-07-20 16:55:45.000,2023-07-20 16:55:45.000,,,
470288078215982208,470269276289576086,external_publicity_credit,credit,weightAgg,0.4615,,3,,,2023-07-20 16:55:45.000,2023-07-20 16:55:45.000,,,
470288078216047744,470269276289576086,loan_granting_credit,credit,weightAgg,0.5385,,3,,,2023-07-20 16:55:45.000,2023-07-20 16:55:45.000,,,
470288078216113280,470269276289576086,represent_basic,score,weightAgg,0.1214,,4,,,2023-07-20 16:55:45.000,2023-07-20 16:55:45.000,,,
470288078216178816,470269276289576086,operating,score,weightAgg,0.4429,,4,,,2023-07-20 16:55:45.000,2023-07-20 16:55:45.000,,,
470288078216244352,470269276289576086,financial,score,weightAgg,0.3000,,4,,,2023-07-20 16:55:45.000,2023-07-20 16:55:45.000,,,
470288107573357718,470269276289576086,credit,score,weightAgg,0.1357,,4,,,2023-07-20 16:55:45.000,2023-07-20 16:55:45.000,,,
470289745516178560,470251385720417430,sw_jcxx_clnx,enterprise_info,weightAgg,0.3037 ,,2,,,2023-07-20 17:18:00.000,2023-07-20 17:18:00.000,,,
470289745516244096,470251385720417430,sw_cwbb_sszb,enterprise_info,weightAgg,0.3259 ,,2,,,2023-07-20 17:18:00.000,2023-07-20 17:18:00.000,,,
470289745516309632,470251385720417430,sw_sdsnb_cyrs,enterprise_info,weightAgg,0.3704 ,,2,,,2023-07-20 17:18:00.000,2023-07-20 17:18:00.000,,,
470289745516375168,470251385720417430,gs_gdct,equity_structure,weightAgg,0.4384 ,,2,,,2023-07-20 17:18:00.000,2023-07-20 17:18:00.000,,,
470289745516440704,470251385720417430,gs_gdwdx,equity_structure,weightAgg,0.2877 ,,2,,,2023-07-20 17:18:00.000,2023-07-20 17:18:00.000,,,
470289745516506240,470251385720417430,gs_frwdx,equity_structure,weightAgg,0.2740 ,,2,,,2023-07-20 17:18:00.000,2023-07-20 17:18:00.000,,,
470289745516571776,470251385720417430,lh_cylwz,industry_chain_analyse,weightAgg,0.3478 ,,2,,,2023-07-20 17:18:00.000,2023-07-20 17:18:00.000,,,
470289745516637312,470251385720417430,lh_md_ppjzl,industry_chain_analyse,weightAgg,0.3043 ,,2,,,2023-07-20 17:18:00.000,2023-07-20 17:18:00.000,,,
470289745516702848,470251385720417430,md_qybq,industry_chain_analyse,weightAgg,0.3478 ,,2,,,2023-07-20 17:18:00.000,2023-07-20 17:18:00.000,,,
470289745516768384,470251385720417430,fp_jy_sychje_zb_12m_lh,supply_chain_analyse,weightAgg,0.1667 ,,2,,,2023-07-20 17:18:00.000,2023-07-20 17:18:00.000,,,
470289745516833920,470251385720417430,fp_jx_zyjyjezb_12m_lh,supply_chain_analyse,weightAgg,0.2333 ,,2,,,2023-07-20 17:18:00.000,2023-07-20 17:18:00.000,,,
470289745516899456,470251385720417430,fp_xx_xychje_zb_12m_lh,supply_chain_analyse,weightAgg,0.2667 ,,2,,,2023-07-20 17:18:00.000,2023-07-20 17:18:00.000,,,
470289745516964992,470251385720417430,fp_xx_zyjyjezb_12m_lh,supply_chain_analyse,weightAgg,0.3333 ,,2,,,2023-07-20 17:18:00.000,2023-07-20 17:18:00.000,,,
470289745517030528,470251385720417430,sw_sb_qbxse_12m,operation_ability,weightAgg,0.2162 ,,2,,,2023-07-20 17:18:00.000,2023-07-20 17:18:00.000,,,
470289745517096064,470251385720417430,sw_sb_qbxsezzl_12m,operation_ability,weightAgg,0.2162 ,,2,,,2023-07-20 17:18:00.000,2023-07-20 17:18:00.000,,,
470289745517161600,470251385720417430,sw_sb_lsxs_12m,operation_ability,weightAgg,0.1622 ,,2,,,2023-07-20 17:18:00.000,2023-07-20 17:18:00.000,,,
470289745517227136,470251385720417430,sw_cwbb_yyzjzzts,operation_ability,weightAgg,0.2162 ,,2,,,2023-07-20 17:18:00.000,2023-07-20 17:18:00.000,,,
470289745517292672,470251385720417430,sw_cwbb_chzzts_cb,operation_ability,weightAgg,0.1892 ,,2,,,2023-07-20 17:18:00.000,2023-07-20 17:18:00.000,,,
470289745517358208,470251385720417430,sw_cwbb_zcfzl,debt_solvency,weightAgg,1.0000 ,,2,,,2023-07-20 17:18:00.000,2023-07-20 17:18:00.000,,,
470289745517423744,470251385720417430,sw_cwbb_mlrzzlv,profit_ability,weightAgg,0.3333 ,,2,,,2023-07-20 17:18:00.000,2023-07-20 17:18:00.000,,,
470289745517489280,470251385720417430,sw_cwbb_jlrzzlv,profit_ability,weightAgg,0.3333 ,,2,,,2023-07-20 17:18:00.000,2023-07-20 17:18:00.000,,,
470289745517554816,470251385720417430,sw_cwbb_jzcszlv,profit_ability,weightAgg,0.3333 ,,2,,,2023-07-20 17:18:00.000,2023-07-20 17:18:00.000,,,
470289745517620352,470251385720417430,sw_sb_nsze_zzsqysds_12m,tax_statistic,weightAgg,0.3462 ,,2,,,2023-07-20 17:18:00.000,2023-07-20 17:18:00.000,,,
470289745517685888,470251385720417430,sw_sb_nszezzl_zzsqysds_12m_a,tax_statistic,weightAgg,0.2308 ,,2,,,2023-07-20 17:18:00.000,2023-07-20 17:18:00.000,,,
470289745517751424,470251385720417430,sw_sdsnb_gzxjzzjezzl,tax_statistic,weightAgg,0.2308 ,,2,,,2023-07-20 17:18:00.000,2023-07-20 17:18:00.000,,,
470289745517816960,470251385720417430,sw_sbzs_sflhypld_12m,tax_statistic,weightAgg,0.1923 ,,2,,,2023-07-20 17:18:00.000,2023-07-20 17:18:00.000,,,
470289745517882496,470251385720417430,sw_sdsnb_yjfy,operation_cost,weightAgg,1.0000 ,,2,,,2023-07-20 17:18:00.000,2023-07-20 17:18:00.000,,,
470289745517948032,470251385720417430,lh_lxfybqbxse_12m,finance_cost,weightAgg,1.0000 ,,2,,,2023-07-20 17:18:00.000,2023-07-20 17:18:00.000,,,
470289745518013568,470251385720417430,sf_fh_ssqk_qy,external_publicity_credit,weightAgg,0.5333 ,,2,,,2023-07-20 17:18:00.000,2023-07-20 17:18:00.000,,,
470289745518079104,470251385720417430,sw_jcxx_nsrxypj,external_publicity_credit,weightAgg,0.4667 ,,2,,,2023-07-20 17:18:00.000,2023-07-20 17:18:00.000,,,
470289745518144640,470251385720417430,zx_yhsxqk,loan_granting_credit,weightAgg,0.5294 ,,2,,,2023-07-20 17:18:00.000,2023-07-20 17:18:00.000,,,
470289745518210176,470251385720417430,zx_dsfsxqk,loan_granting_credit,weightAgg,0.4706 ,,2,,,2023-07-20 17:18:00.000,2023-07-20 17:18:00.000,,,
470289745518275712,470251385720417430,enterprise_info,represent_basic,weightAgg,0.4891 ,,3,,,2023-07-20 17:18:00.000,2023-07-20 17:18:00.000,,,
470289745518341248,470251385720417430,equity_structure,represent_basic,weightAgg,0.5109 ,,3,,,2023-07-20 17:18:00.000,2023-07-20 17:18:00.000,,,
470289745518406784,470251385720417430,industry_chain_analyse,operating,weightAgg,0.2889 ,,3,,,2023-07-20 17:18:00.000,2023-07-20 17:18:00.000,,,
470289745518472320,470251385720417430,supply_chain_analyse,operating,weightAgg,0.4000 ,,3,,,2023-07-20 17:18:00.000,2023-07-20 17:18:00.000,,,
470289745518537856,470251385720417430,operation_ability,operating,weightAgg,0.3111 ,,3,,,2023-07-20 17:18:00.000,2023-07-20 17:18:00.000,,,
470289745518603392,470251385720417430,debt_solvency,financial,weightAgg,0.2562 ,,3,,,2023-07-20 17:18:00.000,2023-07-20 17:18:00.000,,,
470289745518668928,470251385720417430,profit_ability,financial,weightAgg,0.2349 ,,3,,,2023-07-20 17:18:00.000,2023-07-20 17:18:00.000,,,
470289745518734464,470251385720417430,tax_statistic,financial,weightAgg,0.2242 ,,3,,,2023-07-20 17:18:00.000,2023-07-20 17:18:00.000,,,
470289745518800000,470251385720417430,operation_cost,financial,weightAgg,0.1317 ,,3,,,2023-07-20 17:18:00.000,2023-07-20 17:18:00.000,,,
470289745518865536,470251385720417430,finance_cost,financial,weightAgg,0.1530 ,,3,,,2023-07-20 17:18:00.000,2023-07-20 17:18:00.000,,,
470289745518931072,470251385720417430,external_publicity_credit,credit,weightAgg,0.4615 ,,3,,,2023-07-20 17:18:00.000,2023-07-20 17:18:00.000,,,
470289745518996608,470251385720417430,loan_granting_credit,credit,weightAgg,0.5385 ,,3,,,2023-07-20 17:18:00.000,2023-07-20 17:18:00.000,,,
470289745519062144,470251385720417430,represent_basic,score,weightAgg,0.1214 ,,4,,,2023-07-20 17:18:00.000,2023-07-20 17:18:00.000,,,
470289745519127680,470251385720417430,operating,score,weightAgg,0.4429 ,,4,,,2023-07-20 17:18:00.000,2023-07-20 17:18:00.000,,,
470289745519193216,470251385720417430,financial,score,weightAgg,0.3000 ,,4,,,2023-07-20 17:18:00.000,2023-07-20 17:18:00.000,,,
470289745519258752,470251385720417430,credit,score,weightAgg,0.1357 ,,4,,,2023-07-20 17:18:00.000,2023-07-20 17:18:00.000,,,
